event_id,home_team,away_team,commence_time,bookmaker,bookmaker_title,last_update,market,outcome_name,price,point,snapshot_utc
1879f9a9ee1925232095f8ed1b3d00e6,Adelaide Crows,Geelong Cats,2026-06-04T09:30:00Z,unibet,Unibet,2026-06-01T23:37:21Z,h2h,Adelaide Crows,2.33,,20260601_233814_daily
1879f9a9ee1925232095f8ed1b3d00e6,Adelaide Crows,Geelong Cats,2026-06-04T09:30:00Z,unibet,Unibet,2026-06-01T23:37:21Z,h2h,Geelong Cats,1.57,,20260601_233814_daily
1879f9a9ee1925232095f8ed1b3d00e6,Adelaide Crows,Geelong Cats,2026-06-04T09:30:00Z,tabtouch,TABtouch,2026-06-01T23:37:20Z,h2h,Adelaide Crows,2.38,,20260601_233814_daily
1879f9a9ee1925232095f8ed1b3d00e6,Adelaide Crows,Geelong Cats,2026-06-04T09:30:00Z,tabtouch,TABtouch,2026-06-01T23:37:20Z,h2h,Geelong Cats,1.57,,20260601_233814_daily
1879f9a9ee1925232095f8ed1b3d00e6,Adelaide Crows,Geelong Cats,2026-06-04T09:30:00Z,tabtouch,TABtouch,2026-06-01T23:37:20Z,spreads,Adelaide Crows,1.89,9.5,20260601_233814_daily
1879f9a9ee1925232095f8ed1b3d00e6,Adelaide Crows,Geelong Cats,2026-06-04T09:30:00Z,tabtouch,TABtouch,2026-06-01T23:37:20Z,spreads,Geelong Cats,1.89,-9.5,20260601_233814_daily
1879f9a9ee1925232095f8ed1b3d00e6,Adelaide Crows,Geelong Cats,2026-06-04T09:30:00Z,tabtouch,TABtouch,2026-06-01T23:37:20Z,totals,Over,1.88,165.5,20260601_233814_daily
1879f9a9ee1925232095f8ed1b3d00e6,Adelaide Crows,Geelong Cats,2026-06-04T09:30:00Z,tabtouch,TABtouch,2026-06-01T23:37:20Z,totals,Under,1.88,165.5,20260601_233814_daily
1879f9a9ee1925232095f8ed1b3d00e6,Adelaide Crows,Geelong Cats,2026-06-04T09:30:00Z,tab,TAB,2026-06-01T23:37:42Z,h2h,Adelaide Crows,2.3,,20260601_233814_daily
1879f9a9ee1925232095f8ed1b3d00e6,Adelaide Crows,Geelong Cats,2026-06-04T09:30:00Z,tab,TAB,2026-06-01T23:37:42Z,h2h,Geelong Cats,1.62,,20260601_233814_daily
1879f9a9ee1925232095f8ed1b3d00e6,Adelaide Crows,Geelong Cats,2026-06-04T09:30:00Z,tab,TAB,2026-06-01T23:37:42Z,spreads,Adelaide Crows,1.9,8.5,20260601_233814_daily
1879f9a9ee1925232095f8ed1b3d00e6,Adelaide Crows,Geelong Cats,2026-06-04T09:30:00Z,tab,TAB,2026-06-01T23:37:42Z,spreads,Geelong Cats,1.9,-8.5,20260601_233814_daily
1879f9a9ee1925232095f8ed1b3d00e6,Adelaide Crows,Geelong Cats,2026-06-04T09:30:00Z,tab,TAB,2026-06-01T23:37:42Z,totals,Over,2.0,168.5,20260601_233814_daily
1879f9a9ee1925232095f8ed1b3d00e6,Adelaide Crows,Geelong Cats,2026-06-04T09:30:00Z,tab,TAB,2026-06-01T23:37:42Z,totals,Under,1.8,168.5,20260601_233814_daily
1879f9a9ee1925232095f8ed1b3d00e6,Adelaide Crows,Geelong Cats,2026-06-04T09:30:00Z,betfair_ex_au,Betfair,2026-06-01T23:37:42Z,h2h,Adelaide Crows,2.38,,20260601_233814_daily
1879f9a9ee1925232095f8ed1b3d00e6,Adelaide Crows,Geelong Cats,2026-06-04T09:30:00Z,betfair_ex_au,Betfair,2026-06-01T23:37:42Z,h2h,Geelong Cats,1.7,,20260601_233814_daily
1879f9a9ee1925232095f8ed1b3d00e6,Adelaide Crows,Geelong Cats,2026-06-04T09:30:00Z,betfair_ex_au,Betfair,2026-06-01T23:37:42Z,h2h_lay,Adelaide Crows,2.44,,20260601_233814_daily
1879f9a9ee1925232095f8ed1b3d00e6,Adelaide Crows,Geelong Cats,2026-06-04T09:30:00Z,betfair_ex_au,Betfair,2026-06-01T23:37:42Z,h2h_lay,Geelong Cats,1.72,,20260601_233814_daily
1879f9a9ee1925232095f8ed1b3d00e6,Adelaide Crows,Geelong Cats,2026-06-04T09:30:00Z,betr_au,Betr,2026-06-01T23:37:21Z,h2h,Adelaide Crows,2.35,,20260601_233814_daily
1879f9a9ee1925232095f8ed1b3d00e6,Adelaide Crows,Geelong Cats,2026-06-04T09:30:00Z,betr_au,Betr,2026-06-01T23:37:21Z,h2h,Geelong Cats,1.6,,20260601_233814_daily
1879f9a9ee1925232095f8ed1b3d00e6,Adelaide Crows,Geelong Cats,2026-06-04T09:30:00Z,betr_au,Betr,2026-06-01T23:37:21Z,spreads,Adelaide Crows,1.9,9.5,20260601_233814_daily
1879f9a9ee1925232095f8ed1b3d00e6,Adelaide Crows,Geelong Cats,2026-06-04T09:30:00Z,betr_au,Betr,2026-06-01T23:37:21Z,spreads,Geelong Cats,1.9,-9.5,20260601_233814_daily
1879f9a9ee1925232095f8ed1b3d00e6,Adelaide Crows,Geelong Cats,2026-06-04T09:30:00Z,playup,PlayUp,2026-06-01T23:38:01Z,h2h,Adelaide Crows,2.3,,20260601_233814_daily
1879f9a9ee1925232095f8ed1b3d00e6,Adelaide Crows,Geelong Cats,2026-06-04T09:30:00Z,playup,PlayUp,2026-06-01T23:38:01Z,h2h,Geelong Cats,1.62,,20260601_233814_daily
1879f9a9ee1925232095f8ed1b3d00e6,Adelaide Crows,Geelong Cats,2026-06-04T09:30:00Z,playup,PlayUp,2026-06-01T23:38:01Z,spreads,Adelaide Crows,1.9,8.5,20260601_233814_daily
1879f9a9ee1925232095f8ed1b3d00e6,Adelaide Crows,Geelong Cats,2026-06-04T09:30:00Z,playup,PlayUp,2026-06-01T23:38:01Z,spreads,Geelong Cats,1.9,-8.5,20260601_233814_daily
1879f9a9ee1925232095f8ed1b3d00e6,Adelaide Crows,Geelong Cats,2026-06-04T09:30:00Z,playup,PlayUp,2026-06-01T23:38:01Z,totals,Over,1.88,168.5,20260601_233814_daily
1879f9a9ee1925232095f8ed1b3d00e6,Adelaide Crows,Geelong Cats,2026-06-04T09:30:00Z,playup,PlayUp,2026-06-01T23:38:01Z,totals,Under,1.88,168.5,20260601_233814_daily
1879f9a9ee1925232095f8ed1b3d00e6,Adelaide Crows,Geelong Cats,2026-06-04T09:30:00Z,sportsbet,SportsBet,2026-06-01T23:37:43Z,h2h,Adelaide Crows,2.36,,20260601_233814_daily
1879f9a9ee1925232095f8ed1b3d00e6,Adelaide Crows,Geelong Cats,2026-06-04T09:30:00Z,sportsbet,SportsBet,2026-06-01T23:37:43Z,h2h,Geelong Cats,1.6,,20260601_233814_daily
1879f9a9ee1925232095f8ed1b3d00e6,Adelaide Crows,Geelong Cats,2026-06-04T09:30:00Z,sportsbet,SportsBet,2026-06-01T23:37:43Z,spreads,Adelaide Crows,1.91,8.5,20260601_233814_daily
1879f9a9ee1925232095f8ed1b3d00e6,Adelaide Crows,Geelong Cats,2026-06-04T09:30:00Z,sportsbet,SportsBet,2026-06-01T23:37:43Z,spreads,Geelong Cats,1.89,-8.5,20260601_233814_daily
1879f9a9ee1925232095f8ed1b3d00e6,Adelaide Crows,Geelong Cats,2026-06-04T09:30:00Z,sportsbet,SportsBet,2026-06-01T23:37:43Z,totals,Over,1.87,165.5,20260601_233814_daily
1879f9a9ee1925232095f8ed1b3d00e6,Adelaide Crows,Geelong Cats,2026-06-04T09:30:00Z,sportsbet,SportsBet,2026-06-01T23:37:43Z,totals,Under,1.89,165.5,20260601_233814_daily
1879f9a9ee1925232095f8ed1b3d00e6,Adelaide Crows,Geelong Cats,2026-06-04T09:30:00Z,pointsbetau,PointsBet (AU),2026-06-01T23:37:23Z,h2h,Adelaide Crows,2.3,,20260601_233814_daily
1879f9a9ee1925232095f8ed1b3d00e6,Adelaide Crows,Geelong Cats,2026-06-04T09:30:00Z,pointsbetau,PointsBet (AU),2026-06-01T23:37:23Z,h2h,Geelong Cats,1.6,,20260601_233814_daily
1879f9a9ee1925232095f8ed1b3d00e6,Adelaide Crows,Geelong Cats,2026-06-04T09:30:00Z,pointsbetau,PointsBet (AU),2026-06-01T23:37:23Z,spreads,Adelaide Crows,1.88,8.5,20260601_233814_daily
1879f9a9ee1925232095f8ed1b3d00e6,Adelaide Crows,Geelong Cats,2026-06-04T09:30:00Z,pointsbetau,PointsBet (AU),2026-06-01T23:37:23Z,spreads,Geelong Cats,1.88,-8.5,20260601_233814_daily
1879f9a9ee1925232095f8ed1b3d00e6,Adelaide Crows,Geelong Cats,2026-06-04T09:30:00Z,pointsbetau,PointsBet (AU),2026-06-01T23:37:23Z,totals,Over,1.88,165.5,20260601_233814_daily
1879f9a9ee1925232095f8ed1b3d00e6,Adelaide Crows,Geelong Cats,2026-06-04T09:30:00Z,pointsbetau,PointsBet (AU),2026-06-01T23:37:23Z,totals,Under,1.88,165.5,20260601_233814_daily
1879f9a9ee1925232095f8ed1b3d00e6,Adelaide Crows,Geelong Cats,2026-06-04T09:30:00Z,ladbrokes_au,Ladbrokes,2026-06-01T23:37:22Z,h2h,Adelaide Crows,2.3,,20260601_233814_daily
1879f9a9ee1925232095f8ed1b3d00e6,Adelaide Crows,Geelong Cats,2026-06-04T09:30:00Z,ladbrokes_au,Ladbrokes,2026-06-01T23:37:22Z,h2h,Geelong Cats,1.62,,20260601_233814_daily
1879f9a9ee1925232095f8ed1b3d00e6,Adelaide Crows,Geelong Cats,2026-06-04T09:30:00Z,neds,Neds,2026-06-01T23:37:21Z,h2h,Adelaide Crows,2.3,,20260601_233814_daily
1879f9a9ee1925232095f8ed1b3d00e6,Adelaide Crows,Geelong Cats,2026-06-04T09:30:00Z,neds,Neds,2026-06-01T23:37:21Z,h2h,Geelong Cats,1.62,,20260601_233814_daily
1879f9a9ee1925232095f8ed1b3d00e6,Adelaide Crows,Geelong Cats,2026-06-04T09:30:00Z,dabble_au,Dabble AU,2026-06-01T23:37:02Z,h2h,Adelaide Crows,2.3,,20260601_233814_daily
1879f9a9ee1925232095f8ed1b3d00e6,Adelaide Crows,Geelong Cats,2026-06-04T09:30:00Z,dabble_au,Dabble AU,2026-06-01T23:37:02Z,h2h,Geelong Cats,1.62,,20260601_233814_daily
1879f9a9ee1925232095f8ed1b3d00e6,Adelaide Crows,Geelong Cats,2026-06-04T09:30:00Z,dabble_au,Dabble AU,2026-06-01T23:37:02Z,spreads,Adelaide Crows,1.9,8.5,20260601_233814_daily
1879f9a9ee1925232095f8ed1b3d00e6,Adelaide Crows,Geelong Cats,2026-06-04T09:30:00Z,dabble_au,Dabble AU,2026-06-01T23:37:02Z,spreads,Geelong Cats,1.9,-8.5,20260601_233814_daily
1879f9a9ee1925232095f8ed1b3d00e6,Adelaide Crows,Geelong Cats,2026-06-04T09:30:00Z,betright,Bet Right,2026-06-01T23:37:21Z,h2h,Adelaide Crows,2.3,,20260601_233814_daily
1879f9a9ee1925232095f8ed1b3d00e6,Adelaide Crows,Geelong Cats,2026-06-04T09:30:00Z,betright,Bet Right,2026-06-01T23:37:21Z,h2h,Geelong Cats,1.62,,20260601_233814_daily
1879f9a9ee1925232095f8ed1b3d00e6,Adelaide Crows,Geelong Cats,2026-06-04T09:30:00Z,betright,Bet Right,2026-06-01T23:37:21Z,spreads,Adelaide Crows,1.9,8.5,20260601_233814_daily
1879f9a9ee1925232095f8ed1b3d00e6,Adelaide Crows,Geelong Cats,2026-06-04T09:30:00Z,betright,Bet Right,2026-06-01T23:37:21Z,spreads,Geelong Cats,1.9,-8.5,20260601_233814_daily
4e6b1b07e9dd09b9b708067f4fe08ebc,Hawthorn Hawks,Western Bulldogs,2026-06-05T09:40:00Z,unibet,Unibet,2026-06-01T23:37:21Z,h2h,Hawthorn Hawks,1.32,,20260601_233814_daily
4e6b1b07e9dd09b9b708067f4fe08ebc,Hawthorn Hawks,Western Bulldogs,2026-06-05T09:40:00Z,unibet,Unibet,2026-06-01T23:37:21Z,h2h,Western Bulldogs,3.3,,20260601_233814_daily
4e6b1b07e9dd09b9b708067f4fe08ebc,Hawthorn Hawks,Western Bulldogs,2026-06-05T09:40:00Z,betfair_ex_au,Betfair,2026-06-01T23:37:42Z,h2h,Hawthorn Hawks,1.34,,20260601_233814_daily
4e6b1b07e9dd09b9b708067f4fe08ebc,Hawthorn Hawks,Western Bulldogs,2026-06-05T09:40:00Z,betfair_ex_au,Betfair,2026-06-01T23:37:42Z,h2h,Western Bulldogs,3.7,,20260601_233814_daily
4e6b1b07e9dd09b9b708067f4fe08ebc,Hawthorn Hawks,Western Bulldogs,2026-06-05T09:40:00Z,betfair_ex_au,Betfair,2026-06-01T23:37:42Z,h2h_lay,Hawthorn Hawks,1.37,,20260601_233814_daily
4e6b1b07e9dd09b9b708067f4fe08ebc,Hawthorn Hawks,Western Bulldogs,2026-06-05T09:40:00Z,betfair_ex_au,Betfair,2026-06-01T23:37:42Z,h2h_lay,Western Bulldogs,3.95,,20260601_233814_daily
4e6b1b07e9dd09b9b708067f4fe08ebc,Hawthorn Hawks,Western Bulldogs,2026-06-05T09:40:00Z,playup,PlayUp,2026-06-01T23:38:01Z,h2h,Hawthorn Hawks,1.32,,20260601_233814_daily
4e6b1b07e9dd09b9b708067f4fe08ebc,Hawthorn Hawks,Western Bulldogs,2026-06-05T09:40:00Z,playup,PlayUp,2026-06-01T23:38:01Z,h2h,Western Bulldogs,3.4,,20260601_233814_daily
4e6b1b07e9dd09b9b708067f4fe08ebc,Hawthorn Hawks,Western Bulldogs,2026-06-05T09:40:00Z,playup,PlayUp,2026-06-01T23:38:01Z,spreads,Hawthorn Hawks,1.9,-20.5,20260601_233814_daily
4e6b1b07e9dd09b9b708067f4fe08ebc,Hawthorn Hawks,Western Bulldogs,2026-06-05T09:40:00Z,playup,PlayUp,2026-06-01T23:38:01Z,spreads,Western Bulldogs,1.9,20.5,20260601_233814_daily
4e6b1b07e9dd09b9b708067f4fe08ebc,Hawthorn Hawks,Western Bulldogs,2026-06-05T09:40:00Z,playup,PlayUp,2026-06-01T23:38:01Z,totals,Over,1.88,175.5,20260601_233814_daily
4e6b1b07e9dd09b9b708067f4fe08ebc,Hawthorn Hawks,Western Bulldogs,2026-06-05T09:40:00Z,playup,PlayUp,2026-06-01T23:38:01Z,totals,Under,1.88,175.5,20260601_233814_daily
4e6b1b07e9dd09b9b708067f4fe08ebc,Hawthorn Hawks,Western Bulldogs,2026-06-05T09:40:00Z,tabtouch,TABtouch,2026-06-01T23:37:20Z,h2h,Hawthorn Hawks,1.32,,20260601_233814_daily
4e6b1b07e9dd09b9b708067f4fe08ebc,Hawthorn Hawks,Western Bulldogs,2026-06-05T09:40:00Z,tabtouch,TABtouch,2026-06-01T23:37:20Z,h2h,Western Bulldogs,3.35,,20260601_233814_daily
4e6b1b07e9dd09b9b708067f4fe08ebc,Hawthorn Hawks,Western Bulldogs,2026-06-05T09:40:00Z,tabtouch,TABtouch,2026-06-01T23:37:20Z,spreads,Hawthorn Hawks,1.89,-21.5,20260601_233814_daily
4e6b1b07e9dd09b9b708067f4fe08ebc,Hawthorn Hawks,Western Bulldogs,2026-06-05T09:40:00Z,tabtouch,TABtouch,2026-06-01T23:37:20Z,spreads,Western Bulldogs,1.89,21.5,20260601_233814_daily
4e6b1b07e9dd09b9b708067f4fe08ebc,Hawthorn Hawks,Western Bulldogs,2026-06-05T09:40:00Z,tabtouch,TABtouch,2026-06-01T23:37:20Z,totals,Over,1.88,176.5,20260601_233814_daily
4e6b1b07e9dd09b9b708067f4fe08ebc,Hawthorn Hawks,Western Bulldogs,2026-06-05T09:40:00Z,tabtouch,TABtouch,2026-06-01T23:37:20Z,totals,Under,1.88,176.5,20260601_233814_daily
4e6b1b07e9dd09b9b708067f4fe08ebc,Hawthorn Hawks,Western Bulldogs,2026-06-05T09:40:00Z,neds,Neds,2026-06-01T23:37:21Z,h2h,Hawthorn Hawks,1.33,,20260601_233814_daily
4e6b1b07e9dd09b9b708067f4fe08ebc,Hawthorn Hawks,Western Bulldogs,2026-06-05T09:40:00Z,neds,Neds,2026-06-01T23:37:21Z,h2h,Western Bulldogs,3.35,,20260601_233814_daily
4e6b1b07e9dd09b9b708067f4fe08ebc,Hawthorn Hawks,Western Bulldogs,2026-06-05T09:40:00Z,ladbrokes_au,Ladbrokes,2026-06-01T23:37:22Z,h2h,Hawthorn Hawks,1.33,,20260601_233814_daily
4e6b1b07e9dd09b9b708067f4fe08ebc,Hawthorn Hawks,Western Bulldogs,2026-06-05T09:40:00Z,ladbrokes_au,Ladbrokes,2026-06-01T23:37:22Z,h2h,Western Bulldogs,3.35,,20260601_233814_daily
4e6b1b07e9dd09b9b708067f4fe08ebc,Hawthorn Hawks,Western Bulldogs,2026-06-05T09:40:00Z,tab,TAB,2026-06-01T23:37:42Z,h2h,Hawthorn Hawks,1.32,,20260601_233814_daily
4e6b1b07e9dd09b9b708067f4fe08ebc,Hawthorn Hawks,Western Bulldogs,2026-06-05T09:40:00Z,tab,TAB,2026-06-01T23:37:42Z,h2h,Western Bulldogs,3.4,,20260601_233814_daily
4e6b1b07e9dd09b9b708067f4fe08ebc,Hawthorn Hawks,Western Bulldogs,2026-06-05T09:40:00Z,tab,TAB,2026-06-01T23:37:42Z,spreads,Hawthorn Hawks,1.9,-20.5,20260601_233814_daily
4e6b1b07e9dd09b9b708067f4fe08ebc,Hawthorn Hawks,Western Bulldogs,2026-06-05T09:40:00Z,tab,TAB,2026-06-01T23:37:42Z,spreads,Western Bulldogs,1.9,20.5,20260601_233814_daily
4e6b1b07e9dd09b9b708067f4fe08ebc,Hawthorn Hawks,Western Bulldogs,2026-06-05T09:40:00Z,tab,TAB,2026-06-01T23:37:42Z,totals,Over,1.9,175.5,20260601_233814_daily
4e6b1b07e9dd09b9b708067f4fe08ebc,Hawthorn Hawks,Western Bulldogs,2026-06-05T09:40:00Z,tab,TAB,2026-06-01T23:37:42Z,totals,Under,1.9,175.5,20260601_233814_daily
4e6b1b07e9dd09b9b708067f4fe08ebc,Hawthorn Hawks,Western Bulldogs,2026-06-05T09:40:00Z,betr_au,Betr,2026-06-01T23:37:21Z,h2h,Hawthorn Hawks,1.33,,20260601_233814_daily
4e6b1b07e9dd09b9b708067f4fe08ebc,Hawthorn Hawks,Western Bulldogs,2026-06-05T09:40:00Z,betr_au,Betr,2026-06-01T23:37:21Z,h2h,Western Bulldogs,3.35,,20260601_233814_daily
4e6b1b07e9dd09b9b708067f4fe08ebc,Hawthorn Hawks,Western Bulldogs,2026-06-05T09:40:00Z,betr_au,Betr,2026-06-01T23:37:21Z,spreads,Hawthorn Hawks,1.9,-22.5,20260601_233814_daily
4e6b1b07e9dd09b9b708067f4fe08ebc,Hawthorn Hawks,Western Bulldogs,2026-06-05T09:40:00Z,betr_au,Betr,2026-06-01T23:37:21Z,spreads,Western Bulldogs,1.9,22.5,20260601_233814_daily
4e6b1b07e9dd09b9b708067f4fe08ebc,Hawthorn Hawks,Western Bulldogs,2026-06-05T09:40:00Z,sportsbet,SportsBet,2026-06-01T23:37:43Z,h2h,Hawthorn Hawks,1.33,,20260601_233814_daily
4e6b1b07e9dd09b9b708067f4fe08ebc,Hawthorn Hawks,Western Bulldogs,2026-06-05T09:40:00Z,sportsbet,SportsBet,2026-06-01T23:37:43Z,h2h,Western Bulldogs,3.34,,20260601_233814_daily
4e6b1b07e9dd09b9b708067f4fe08ebc,Hawthorn Hawks,Western Bulldogs,2026-06-05T09:40:00Z,sportsbet,SportsBet,2026-06-01T23:37:43Z,spreads,Hawthorn Hawks,1.9,-20.5,20260601_233814_daily
4e6b1b07e9dd09b9b708067f4fe08ebc,Hawthorn Hawks,Western Bulldogs,2026-06-05T09:40:00Z,sportsbet,SportsBet,2026-06-01T23:37:43Z,spreads,Western Bulldogs,1.9,20.5,20260601_233814_daily
4e6b1b07e9dd09b9b708067f4fe08ebc,Hawthorn Hawks,Western Bulldogs,2026-06-05T09:40:00Z,sportsbet,SportsBet,2026-06-01T23:37:43Z,totals,Over,1.88,175.5,20260601_233814_daily
4e6b1b07e9dd09b9b708067f4fe08ebc,Hawthorn Hawks,Western Bulldogs,2026-06-05T09:40:00Z,sportsbet,SportsBet,2026-06-01T23:37:43Z,totals,Under,1.88,175.5,20260601_233814_daily
4e6b1b07e9dd09b9b708067f4fe08ebc,Hawthorn Hawks,Western Bulldogs,2026-06-05T09:40:00Z,pointsbetau,PointsBet (AU),2026-06-01T23:37:23Z,h2h,Hawthorn Hawks,1.31,,20260601_233814_daily
4e6b1b07e9dd09b9b708067f4fe08ebc,Hawthorn Hawks,Western Bulldogs,2026-06-05T09:40:00Z,pointsbetau,PointsBet (AU),2026-06-01T23:37:23Z,h2h,Western Bulldogs,3.3,,20260601_233814_daily
4e6b1b07e9dd09b9b708067f4fe08ebc,Hawthorn Hawks,Western Bulldogs,2026-06-05T09:40:00Z,pointsbetau,PointsBet (AU),2026-06-01T23:37:23Z,spreads,Hawthorn Hawks,1.88,-20.5,20260601_233814_daily
4e6b1b07e9dd09b9b708067f4fe08ebc,Hawthorn Hawks,Western Bulldogs,2026-06-05T09:40:00Z,pointsbetau,PointsBet (AU),2026-06-01T23:37:23Z,spreads,Western Bulldogs,1.88,20.5,20260601_233814_daily
4e6b1b07e9dd09b9b708067f4fe08ebc,Hawthorn Hawks,Western Bulldogs,2026-06-05T09:40:00Z,pointsbetau,PointsBet (AU),2026-06-01T23:37:23Z,totals,Over,1.88,175.5,20260601_233814_daily
4e6b1b07e9dd09b9b708067f4fe08ebc,Hawthorn Hawks,Western Bulldogs,2026-06-05T09:40:00Z,pointsbetau,PointsBet (AU),2026-06-01T23:37:23Z,totals,Under,1.88,175.5,20260601_233814_daily
4e6b1b07e9dd09b9b708067f4fe08ebc,Hawthorn Hawks,Western Bulldogs,2026-06-05T09:40:00Z,dabble_au,Dabble AU,2026-06-01T23:37:02Z,h2h,Hawthorn Hawks,1.33,,20260601_233814_daily
4e6b1b07e9dd09b9b708067f4fe08ebc,Hawthorn Hawks,Western Bulldogs,2026-06-05T09:40:00Z,dabble_au,Dabble AU,2026-06-01T23:37:02Z,h2h,Western Bulldogs,3.3,,20260601_233814_daily
4e6b1b07e9dd09b9b708067f4fe08ebc,Hawthorn Hawks,Western Bulldogs,2026-06-05T09:40:00Z,dabble_au,Dabble AU,2026-06-01T23:37:02Z,spreads,Hawthorn Hawks,1.9,-20.5,20260601_233814_daily
4e6b1b07e9dd09b9b708067f4fe08ebc,Hawthorn Hawks,Western Bulldogs,2026-06-05T09:40:00Z,dabble_au,Dabble AU,2026-06-01T23:37:02Z,spreads,Western Bulldogs,1.9,20.5,20260601_233814_daily
4e6b1b07e9dd09b9b708067f4fe08ebc,Hawthorn Hawks,Western Bulldogs,2026-06-05T09:40:00Z,betright,Bet Right,2026-06-01T23:37:21Z,h2h,Hawthorn Hawks,1.33,,20260601_233814_daily
4e6b1b07e9dd09b9b708067f4fe08ebc,Hawthorn Hawks,Western Bulldogs,2026-06-05T09:40:00Z,betright,Bet Right,2026-06-01T23:37:21Z,h2h,Western Bulldogs,3.35,,20260601_233814_daily
4e6b1b07e9dd09b9b708067f4fe08ebc,Hawthorn Hawks,Western Bulldogs,2026-06-05T09:40:00Z,betright,Bet Right,2026-06-01T23:37:21Z,spreads,Hawthorn Hawks,1.9,-20.5,20260601_233814_daily
4e6b1b07e9dd09b9b708067f4fe08ebc,Hawthorn Hawks,Western Bulldogs,2026-06-05T09:40:00Z,betright,Bet Right,2026-06-01T23:37:21Z,spreads,Western Bulldogs,1.9,20.5,20260601_233814_daily
8c463fce665481a719384b62a1ec0e7b,North Melbourne Kangaroos,Fremantle Dockers,2026-06-06T04:15:00Z,unibet,Unibet,2026-06-01T23:37:21Z,h2h,Fremantle Dockers,1.28,,20260601_233814_daily
8c463fce665481a719384b62a1ec0e7b,North Melbourne Kangaroos,Fremantle Dockers,2026-06-06T04:15:00Z,unibet,Unibet,2026-06-01T23:37:21Z,h2h,North Melbourne Kangaroos,3.55,,20260601_233814_daily
8c463fce665481a719384b62a1ec0e7b,North Melbourne Kangaroos,Fremantle Dockers,2026-06-06T04:15:00Z,ladbrokes_au,Ladbrokes,2026-06-01T23:37:22Z,h2h,Fremantle Dockers,1.26,,20260601_233814_daily
8c463fce665481a719384b62a1ec0e7b,North Melbourne Kangaroos,Fremantle Dockers,2026-06-06T04:15:00Z,ladbrokes_au,Ladbrokes,2026-06-01T23:37:22Z,h2h,North Melbourne Kangaroos,3.9,,20260601_233814_daily
8c463fce665481a719384b62a1ec0e7b,North Melbourne Kangaroos,Fremantle Dockers,2026-06-06T04:15:00Z,tab,TAB,2026-06-01T23:37:42Z,h2h,Fremantle Dockers,1.28,,20260601_233814_daily
8c463fce665481a719384b62a1ec0e7b,North Melbourne Kangaroos,Fremantle Dockers,2026-06-06T04:15:00Z,tab,TAB,2026-06-01T23:37:42Z,h2h,North Melbourne Kangaroos,3.7,,20260601_233814_daily
8c463fce665481a719384b62a1ec0e7b,North Melbourne Kangaroos,Fremantle Dockers,2026-06-06T04:15:00Z,tab,TAB,2026-06-01T23:37:42Z,spreads,Fremantle Dockers,1.9,-25.5,20260601_233814_daily
8c463fce665481a719384b62a1ec0e7b,North Melbourne Kangaroos,Fremantle Dockers,2026-06-06T04:15:00Z,tab,TAB,2026-06-01T23:37:42Z,spreads,North Melbourne Kangaroos,1.9,25.5,20260601_233814_daily
8c463fce665481a719384b62a1ec0e7b,North Melbourne Kangaroos,Fremantle Dockers,2026-06-06T04:15:00Z,tab,TAB,2026-06-01T23:37:42Z,totals,Over,1.9,176.5,20260601_233814_daily
8c463fce665481a719384b62a1ec0e7b,North Melbourne Kangaroos,Fremantle Dockers,2026-06-06T04:15:00Z,tab,TAB,2026-06-01T23:37:42Z,totals,Under,1.9,176.5,20260601_233814_daily
8c463fce665481a719384b62a1ec0e7b,North Melbourne Kangaroos,Fremantle Dockers,2026-06-06T04:15:00Z,betfair_ex_au,Betfair,2026-06-01T23:37:42Z,h2h,Fremantle Dockers,1.27,,20260601_233814_daily
8c463fce665481a719384b62a1ec0e7b,North Melbourne Kangaroos,Fremantle Dockers,2026-06-06T04:15:00Z,betfair_ex_au,Betfair,2026-06-01T23:37:42Z,h2h,North Melbourne Kangaroos,4.1,,20260601_233814_daily
8c463fce665481a719384b62a1ec0e7b,North Melbourne Kangaroos,Fremantle Dockers,2026-06-06T04:15:00Z,betfair_ex_au,Betfair,2026-06-01T23:37:42Z,h2h_lay,Fremantle Dockers,1.32,,20260601_233814_daily
8c463fce665481a719384b62a1ec0e7b,North Melbourne Kangaroos,Fremantle Dockers,2026-06-06T04:15:00Z,betfair_ex_au,Betfair,2026-06-01T23:37:42Z,h2h_lay,North Melbourne Kangaroos,4.7,,20260601_233814_daily
8c463fce665481a719384b62a1ec0e7b,North Melbourne Kangaroos,Fremantle Dockers,2026-06-06T04:15:00Z,playup,PlayUp,2026-06-01T23:38:01Z,h2h,Fremantle Dockers,1.28,,20260601_233814_daily
8c463fce665481a719384b62a1ec0e7b,North Melbourne Kangaroos,Fremantle Dockers,2026-06-06T04:15:00Z,playup,PlayUp,2026-06-01T23:38:01Z,h2h,North Melbourne Kangaroos,3.7,,20260601_233814_daily
8c463fce665481a719384b62a1ec0e7b,North Melbourne Kangaroos,Fremantle Dockers,2026-06-06T04:15:00Z,playup,PlayUp,2026-06-01T23:38:01Z,spreads,Fremantle Dockers,1.9,-25.5,20260601_233814_daily
8c463fce665481a719384b62a1ec0e7b,North Melbourne Kangaroos,Fremantle Dockers,2026-06-06T04:15:00Z,playup,PlayUp,2026-06-01T23:38:01Z,spreads,North Melbourne Kangaroos,1.9,25.5,20260601_233814_daily
8c463fce665481a719384b62a1ec0e7b,North Melbourne Kangaroos,Fremantle Dockers,2026-06-06T04:15:00Z,playup,PlayUp,2026-06-01T23:38:01Z,totals,Over,1.88,176.5,20260601_233814_daily
8c463fce665481a719384b62a1ec0e7b,North Melbourne Kangaroos,Fremantle Dockers,2026-06-06T04:15:00Z,playup,PlayUp,2026-06-01T23:38:01Z,totals,Under,1.88,176.5,20260601_233814_daily
8c463fce665481a719384b62a1ec0e7b,North Melbourne Kangaroos,Fremantle Dockers,2026-06-06T04:15:00Z,tabtouch,TABtouch,2026-06-01T23:37:20Z,h2h,Fremantle Dockers,1.28,,20260601_233814_daily
8c463fce665481a719384b62a1ec0e7b,North Melbourne Kangaroos,Fremantle Dockers,2026-06-06T04:15:00Z,tabtouch,TABtouch,2026-06-01T23:37:20Z,h2h,North Melbourne Kangaroos,3.6,,20260601_233814_daily
8c463fce665481a719384b62a1ec0e7b,North Melbourne Kangaroos,Fremantle Dockers,2026-06-06T04:15:00Z,tabtouch,TABtouch,2026-06-01T23:37:20Z,spreads,Fremantle Dockers,1.89,-25.5,20260601_233814_daily
8c463fce665481a719384b62a1ec0e7b,North Melbourne Kangaroos,Fremantle Dockers,2026-06-06T04:15:00Z,tabtouch,TABtouch,2026-06-01T23:37:20Z,spreads,North Melbourne Kangaroos,1.89,25.5,20260601_233814_daily
8c463fce665481a719384b62a1ec0e7b,North Melbourne Kangaroos,Fremantle Dockers,2026-06-06T04:15:00Z,tabtouch,TABtouch,2026-06-01T23:37:20Z,totals,Over,1.88,176.5,20260601_233814_daily
8c463fce665481a719384b62a1ec0e7b,North Melbourne Kangaroos,Fremantle Dockers,2026-06-06T04:15:00Z,tabtouch,TABtouch,2026-06-01T23:37:20Z,totals,Under,1.88,176.5,20260601_233814_daily
8c463fce665481a719384b62a1ec0e7b,North Melbourne Kangaroos,Fremantle Dockers,2026-06-06T04:15:00Z,neds,Neds,2026-06-01T23:37:21Z,h2h,Fremantle Dockers,1.26,,20260601_233814_daily
8c463fce665481a719384b62a1ec0e7b,North Melbourne Kangaroos,Fremantle Dockers,2026-06-06T04:15:00Z,neds,Neds,2026-06-01T23:37:21Z,h2h,North Melbourne Kangaroos,3.9,,20260601_233814_daily
8c463fce665481a719384b62a1ec0e7b,North Melbourne Kangaroos,Fremantle Dockers,2026-06-06T04:15:00Z,betr_au,Betr,2026-06-01T23:37:21Z,h2h,Fremantle Dockers,1.25,,20260601_233814_daily
8c463fce665481a719384b62a1ec0e7b,North Melbourne Kangaroos,Fremantle Dockers,2026-06-06T04:15:00Z,betr_au,Betr,2026-06-01T23:37:21Z,h2h,North Melbourne Kangaroos,4.0,,20260601_233814_daily
8c463fce665481a719384b62a1ec0e7b,North Melbourne Kangaroos,Fremantle Dockers,2026-06-06T04:15:00Z,betr_au,Betr,2026-06-01T23:37:21Z,spreads,Fremantle Dockers,1.9,-25.5,20260601_233814_daily
8c463fce665481a719384b62a1ec0e7b,North Melbourne Kangaroos,Fremantle Dockers,2026-06-06T04:15:00Z,betr_au,Betr,2026-06-01T23:37:21Z,spreads,North Melbourne Kangaroos,1.9,25.5,20260601_233814_daily
8c463fce665481a719384b62a1ec0e7b,North Melbourne Kangaroos,Fremantle Dockers,2026-06-06T04:15:00Z,sportsbet,SportsBet,2026-06-01T23:37:43Z,h2h,Fremantle Dockers,1.27,,20260601_233814_daily
8c463fce665481a719384b62a1ec0e7b,North Melbourne Kangaroos,Fremantle Dockers,2026-06-06T04:15:00Z,sportsbet,SportsBet,2026-06-01T23:37:43Z,h2h,North Melbourne Kangaroos,3.8,,20260601_233814_daily
8c463fce665481a719384b62a1ec0e7b,North Melbourne Kangaroos,Fremantle Dockers,2026-06-06T04:15:00Z,sportsbet,SportsBet,2026-06-01T23:37:43Z,spreads,Fremantle Dockers,1.9,-24.5,20260601_233814_daily
8c463fce665481a719384b62a1ec0e7b,North Melbourne Kangaroos,Fremantle Dockers,2026-06-06T04:15:00Z,sportsbet,SportsBet,2026-06-01T23:37:43Z,spreads,North Melbourne Kangaroos,1.9,24.5,20260601_233814_daily
8c463fce665481a719384b62a1ec0e7b,North Melbourne Kangaroos,Fremantle Dockers,2026-06-06T04:15:00Z,sportsbet,SportsBet,2026-06-01T23:37:43Z,totals,Over,1.91,178.5,20260601_233814_daily
8c463fce665481a719384b62a1ec0e7b,North Melbourne Kangaroos,Fremantle Dockers,2026-06-06T04:15:00Z,sportsbet,SportsBet,2026-06-01T23:37:43Z,totals,Under,1.85,178.5,20260601_233814_daily
8c463fce665481a719384b62a1ec0e7b,North Melbourne Kangaroos,Fremantle Dockers,2026-06-06T04:15:00Z,pointsbetau,PointsBet (AU),2026-06-01T23:37:23Z,h2h,Fremantle Dockers,1.25,,20260601_233814_daily
8c463fce665481a719384b62a1ec0e7b,North Melbourne Kangaroos,Fremantle Dockers,2026-06-06T04:15:00Z,pointsbetau,PointsBet (AU),2026-06-01T23:37:23Z,h2h,North Melbourne Kangaroos,3.7,,20260601_233814_daily
8c463fce665481a719384b62a1ec0e7b,North Melbourne Kangaroos,Fremantle Dockers,2026-06-06T04:15:00Z,pointsbetau,PointsBet (AU),2026-06-01T23:37:23Z,spreads,Fremantle Dockers,1.88,-24.5,20260601_233814_daily
8c463fce665481a719384b62a1ec0e7b,North Melbourne Kangaroos,Fremantle Dockers,2026-06-06T04:15:00Z,pointsbetau,PointsBet (AU),2026-06-01T23:37:23Z,spreads,North Melbourne Kangaroos,1.88,24.5,20260601_233814_daily
8c463fce665481a719384b62a1ec0e7b,North Melbourne Kangaroos,Fremantle Dockers,2026-06-06T04:15:00Z,pointsbetau,PointsBet (AU),2026-06-01T23:37:23Z,totals,Over,1.85,177.5,20260601_233814_daily
8c463fce665481a719384b62a1ec0e7b,North Melbourne Kangaroos,Fremantle Dockers,2026-06-06T04:15:00Z,pointsbetau,PointsBet (AU),2026-06-01T23:37:23Z,totals,Under,1.9,177.5,20260601_233814_daily
8c463fce665481a719384b62a1ec0e7b,North Melbourne Kangaroos,Fremantle Dockers,2026-06-06T04:15:00Z,dabble_au,Dabble AU,2026-06-01T23:37:02Z,h2h,Fremantle Dockers,1.26,,20260601_233814_daily
8c463fce665481a719384b62a1ec0e7b,North Melbourne Kangaroos,Fremantle Dockers,2026-06-06T04:15:00Z,dabble_au,Dabble AU,2026-06-01T23:37:02Z,h2h,North Melbourne Kangaroos,3.85,,20260601_233814_daily
8c463fce665481a719384b62a1ec0e7b,North Melbourne Kangaroos,Fremantle Dockers,2026-06-06T04:15:00Z,dabble_au,Dabble AU,2026-06-01T23:37:02Z,spreads,Fremantle Dockers,1.9,-25.5,20260601_233814_daily
8c463fce665481a719384b62a1ec0e7b,North Melbourne Kangaroos,Fremantle Dockers,2026-06-06T04:15:00Z,dabble_au,Dabble AU,2026-06-01T23:37:02Z,spreads,North Melbourne Kangaroos,1.9,25.5,20260601_233814_daily
8c463fce665481a719384b62a1ec0e7b,North Melbourne Kangaroos,Fremantle Dockers,2026-06-06T04:15:00Z,betright,Bet Right,2026-06-01T23:37:21Z,h2h,Fremantle Dockers,1.27,,20260601_233814_daily
8c463fce665481a719384b62a1ec0e7b,North Melbourne Kangaroos,Fremantle Dockers,2026-06-06T04:15:00Z,betright,Bet Right,2026-06-01T23:37:21Z,h2h,North Melbourne Kangaroos,3.8,,20260601_233814_daily
8c463fce665481a719384b62a1ec0e7b,North Melbourne Kangaroos,Fremantle Dockers,2026-06-06T04:15:00Z,betright,Bet Right,2026-06-01T23:37:21Z,spreads,Fremantle Dockers,1.9,-25.5,20260601_233814_daily
8c463fce665481a719384b62a1ec0e7b,North Melbourne Kangaroos,Fremantle Dockers,2026-06-06T04:15:00Z,betright,Bet Right,2026-06-01T23:37:21Z,spreads,North Melbourne Kangaroos,1.9,25.5,20260601_233814_daily
ae9e730546bcd72f1eee56ba4f2d74f1,Gold Coast Suns,Brisbane Lions,2026-06-06T07:15:00Z,unibet,Unibet,2026-06-01T23:37:21Z,h2h,Brisbane Lions,2.3,,20260601_233814_daily
ae9e730546bcd72f1eee56ba4f2d74f1,Gold Coast Suns,Brisbane Lions,2026-06-06T07:15:00Z,unibet,Unibet,2026-06-01T23:37:21Z,h2h,Gold Coast Suns,1.6,,20260601_233814_daily
ae9e730546bcd72f1eee56ba4f2d74f1,Gold Coast Suns,Brisbane Lions,2026-06-06T07:15:00Z,ladbrokes_au,Ladbrokes,2026-06-01T23:37:22Z,h2h,Brisbane Lions,2.35,,20260601_233814_daily
ae9e730546bcd72f1eee56ba4f2d74f1,Gold Coast Suns,Brisbane Lions,2026-06-06T07:15:00Z,ladbrokes_au,Ladbrokes,2026-06-01T23:37:22Z,h2h,Gold Coast Suns,1.6,,20260601_233814_daily
ae9e730546bcd72f1eee56ba4f2d74f1,Gold Coast Suns,Brisbane Lions,2026-06-06T07:15:00Z,betfair_ex_au,Betfair,2026-06-01T23:37:42Z,h2h,Brisbane Lions,2.42,,20260601_233814_daily
ae9e730546bcd72f1eee56ba4f2d74f1,Gold Coast Suns,Brisbane Lions,2026-06-06T07:15:00Z,betfair_ex_au,Betfair,2026-06-01T23:37:42Z,h2h,Gold Coast Suns,1.68,,20260601_233814_daily
ae9e730546bcd72f1eee56ba4f2d74f1,Gold Coast Suns,Brisbane Lions,2026-06-06T07:15:00Z,betfair_ex_au,Betfair,2026-06-01T23:37:42Z,h2h_lay,Brisbane Lions,2.48,,20260601_233814_daily
ae9e730546bcd72f1eee56ba4f2d74f1,Gold Coast Suns,Brisbane Lions,2026-06-06T07:15:00Z,betfair_ex_au,Betfair,2026-06-01T23:37:42Z,h2h_lay,Gold Coast Suns,1.71,,20260601_233814_daily
ae9e730546bcd72f1eee56ba4f2d74f1,Gold Coast Suns,Brisbane Lions,2026-06-06T07:15:00Z,betr_au,Betr,2026-06-01T23:37:21Z,h2h,Brisbane Lions,2.35,,20260601_233814_daily
ae9e730546bcd72f1eee56ba4f2d74f1,Gold Coast Suns,Brisbane Lions,2026-06-06T07:15:00Z,betr_au,Betr,2026-06-01T23:37:21Z,h2h,Gold Coast Suns,1.6,,20260601_233814_daily
ae9e730546bcd72f1eee56ba4f2d74f1,Gold Coast Suns,Brisbane Lions,2026-06-06T07:15:00Z,betr_au,Betr,2026-06-01T23:37:21Z,spreads,Brisbane Lions,1.9,10.5,20260601_233814_daily
ae9e730546bcd72f1eee56ba4f2d74f1,Gold Coast Suns,Brisbane Lions,2026-06-06T07:15:00Z,betr_au,Betr,2026-06-01T23:37:21Z,spreads,Gold Coast Suns,1.9,-10.5,20260601_233814_daily
ae9e730546bcd72f1eee56ba4f2d74f1,Gold Coast Suns,Brisbane Lions,2026-06-06T07:15:00Z,playup,PlayUp,2026-06-01T23:38:01Z,h2h,Brisbane Lions,2.35,,20260601_233814_daily
ae9e730546bcd72f1eee56ba4f2d74f1,Gold Coast Suns,Brisbane Lions,2026-06-06T07:15:00Z,playup,PlayUp,2026-06-01T23:38:01Z,h2h,Gold Coast Suns,1.6,,20260601_233814_daily
ae9e730546bcd72f1eee56ba4f2d74f1,Gold Coast Suns,Brisbane Lions,2026-06-06T07:15:00Z,playup,PlayUp,2026-06-01T23:38:01Z,spreads,Brisbane Lions,1.9,10.5,20260601_233814_daily
ae9e730546bcd72f1eee56ba4f2d74f1,Gold Coast Suns,Brisbane Lions,2026-06-06T07:15:00Z,playup,PlayUp,2026-06-01T23:38:01Z,spreads,Gold Coast Suns,1.9,-10.5,20260601_233814_daily
ae9e730546bcd72f1eee56ba4f2d74f1,Gold Coast Suns,Brisbane Lions,2026-06-06T07:15:00Z,playup,PlayUp,2026-06-01T23:38:01Z,totals,Over,1.88,189.5,20260601_233814_daily
ae9e730546bcd72f1eee56ba4f2d74f1,Gold Coast Suns,Brisbane Lions,2026-06-06T07:15:00Z,playup,PlayUp,2026-06-01T23:38:01Z,totals,Under,1.88,189.5,20260601_233814_daily
ae9e730546bcd72f1eee56ba4f2d74f1,Gold Coast Suns,Brisbane Lions,2026-06-06T07:15:00Z,neds,Neds,2026-06-01T23:37:21Z,h2h,Brisbane Lions,2.35,,20260601_233814_daily
ae9e730546bcd72f1eee56ba4f2d74f1,Gold Coast Suns,Brisbane Lions,2026-06-06T07:15:00Z,neds,Neds,2026-06-01T23:37:21Z,h2h,Gold Coast Suns,1.6,,20260601_233814_daily
ae9e730546bcd72f1eee56ba4f2d74f1,Gold Coast Suns,Brisbane Lions,2026-06-06T07:15:00Z,tabtouch,TABtouch,2026-06-01T23:37:20Z,h2h,Brisbane Lions,2.35,,20260601_233814_daily
ae9e730546bcd72f1eee56ba4f2d74f1,Gold Coast Suns,Brisbane Lions,2026-06-06T07:15:00Z,tabtouch,TABtouch,2026-06-01T23:37:20Z,h2h,Gold Coast Suns,1.6,,20260601_233814_daily
ae9e730546bcd72f1eee56ba4f2d74f1,Gold Coast Suns,Brisbane Lions,2026-06-06T07:15:00Z,tabtouch,TABtouch,2026-06-01T23:37:20Z,spreads,Brisbane Lions,1.89,9.5,20260601_233814_daily
ae9e730546bcd72f1eee56ba4f2d74f1,Gold Coast Suns,Brisbane Lions,2026-06-06T07:15:00Z,tabtouch,TABtouch,2026-06-01T23:37:20Z,spreads,Gold Coast Suns,1.89,-9.5,20260601_233814_daily
ae9e730546bcd72f1eee56ba4f2d74f1,Gold Coast Suns,Brisbane Lions,2026-06-06T07:15:00Z,tabtouch,TABtouch,2026-06-01T23:37:20Z,totals,Over,1.87,191.5,20260601_233814_daily
ae9e730546bcd72f1eee56ba4f2d74f1,Gold Coast Suns,Brisbane Lions,2026-06-06T07:15:00Z,tabtouch,TABtouch,2026-06-01T23:37:20Z,totals,Under,1.88,191.5,20260601_233814_daily
ae9e730546bcd72f1eee56ba4f2d74f1,Gold Coast Suns,Brisbane Lions,2026-06-06T07:15:00Z,tab,TAB,2026-06-01T23:37:42Z,h2h,Brisbane Lions,2.4,,20260601_233814_daily
ae9e730546bcd72f1eee56ba4f2d74f1,Gold Coast Suns,Brisbane Lions,2026-06-06T07:15:00Z,tab,TAB,2026-06-01T23:37:42Z,h2h,Gold Coast Suns,1.58,,20260601_233814_daily
ae9e730546bcd72f1eee56ba4f2d74f1,Gold Coast Suns,Brisbane Lions,2026-06-06T07:15:00Z,tab,TAB,2026-06-01T23:37:42Z,spreads,Brisbane Lions,1.9,10.5,20260601_233814_daily
ae9e730546bcd72f1eee56ba4f2d74f1,Gold Coast Suns,Brisbane Lions,2026-06-06T07:15:00Z,tab,TAB,2026-06-01T23:37:42Z,spreads,Gold Coast Suns,1.9,-10.5,20260601_233814_daily
ae9e730546bcd72f1eee56ba4f2d74f1,Gold Coast Suns,Brisbane Lions,2026-06-06T07:15:00Z,tab,TAB,2026-06-01T23:37:42Z,totals,Over,1.9,189.5,20260601_233814_daily
ae9e730546bcd72f1eee56ba4f2d74f1,Gold Coast Suns,Brisbane Lions,2026-06-06T07:15:00Z,tab,TAB,2026-06-01T23:37:42Z,totals,Under,1.9,189.5,20260601_233814_daily
ae9e730546bcd72f1eee56ba4f2d74f1,Gold Coast Suns,Brisbane Lions,2026-06-06T07:15:00Z,sportsbet,SportsBet,2026-06-01T23:37:43Z,h2h,Brisbane Lions,2.41,,20260601_233814_daily
ae9e730546bcd72f1eee56ba4f2d74f1,Gold Coast Suns,Brisbane Lions,2026-06-06T07:15:00Z,sportsbet,SportsBet,2026-06-01T23:37:43Z,h2h,Gold Coast Suns,1.57,,20260601_233814_daily
ae9e730546bcd72f1eee56ba4f2d74f1,Gold Coast Suns,Brisbane Lions,2026-06-06T07:15:00Z,sportsbet,SportsBet,2026-06-01T23:37:43Z,spreads,Brisbane Lions,1.89,10.5,20260601_233814_daily
ae9e730546bcd72f1eee56ba4f2d74f1,Gold Coast Suns,Brisbane Lions,2026-06-06T07:15:00Z,sportsbet,SportsBet,2026-06-01T23:37:43Z,spreads,Gold Coast Suns,1.9,-10.5,20260601_233814_daily
ae9e730546bcd72f1eee56ba4f2d74f1,Gold Coast Suns,Brisbane Lions,2026-06-06T07:15:00Z,sportsbet,SportsBet,2026-06-01T23:37:43Z,totals,Over,1.87,188.5,20260601_233814_daily
ae9e730546bcd72f1eee56ba4f2d74f1,Gold Coast Suns,Brisbane Lions,2026-06-06T07:15:00Z,sportsbet,SportsBet,2026-06-01T23:37:43Z,totals,Under,1.89,188.5,20260601_233814_daily
ae9e730546bcd72f1eee56ba4f2d74f1,Gold Coast Suns,Brisbane Lions,2026-06-06T07:15:00Z,pointsbetau,PointsBet (AU),2026-06-01T23:37:23Z,h2h,Brisbane Lions,2.35,,20260601_233814_daily
ae9e730546bcd72f1eee56ba4f2d74f1,Gold Coast Suns,Brisbane Lions,2026-06-06T07:15:00Z,pointsbetau,PointsBet (AU),2026-06-01T23:37:23Z,h2h,Gold Coast Suns,1.57,,20260601_233814_daily
ae9e730546bcd72f1eee56ba4f2d74f1,Gold Coast Suns,Brisbane Lions,2026-06-06T07:15:00Z,pointsbetau,PointsBet (AU),2026-06-01T23:37:23Z,spreads,Brisbane Lions,1.88,10.5,20260601_233814_daily
ae9e730546bcd72f1eee56ba4f2d74f1,Gold Coast Suns,Brisbane Lions,2026-06-06T07:15:00Z,pointsbetau,PointsBet (AU),2026-06-01T23:37:23Z,spreads,Gold Coast Suns,1.88,-10.5,20260601_233814_daily
ae9e730546bcd72f1eee56ba4f2d74f1,Gold Coast Suns,Brisbane Lions,2026-06-06T07:15:00Z,pointsbetau,PointsBet (AU),2026-06-01T23:37:23Z,totals,Over,1.88,188.5,20260601_233814_daily
ae9e730546bcd72f1eee56ba4f2d74f1,Gold Coast Suns,Brisbane Lions,2026-06-06T07:15:00Z,pointsbetau,PointsBet (AU),2026-06-01T23:37:23Z,totals,Under,1.88,188.5,20260601_233814_daily
ae9e730546bcd72f1eee56ba4f2d74f1,Gold Coast Suns,Brisbane Lions,2026-06-06T07:15:00Z,dabble_au,Dabble AU,2026-06-01T23:37:02Z,h2h,Brisbane Lions,2.25,,20260601_233814_daily
ae9e730546bcd72f1eee56ba4f2d74f1,Gold Coast Suns,Brisbane Lions,2026-06-06T07:15:00Z,dabble_au,Dabble AU,2026-06-01T23:37:02Z,h2h,Gold Coast Suns,1.65,,20260601_233814_daily
ae9e730546bcd72f1eee56ba4f2d74f1,Gold Coast Suns,Brisbane Lions,2026-06-06T07:15:00Z,dabble_au,Dabble AU,2026-06-01T23:37:02Z,spreads,Brisbane Lions,1.9,7.5,20260601_233814_daily
ae9e730546bcd72f1eee56ba4f2d74f1,Gold Coast Suns,Brisbane Lions,2026-06-06T07:15:00Z,dabble_au,Dabble AU,2026-06-01T23:37:02Z,spreads,Gold Coast Suns,1.9,-7.5,20260601_233814_daily
ae9e730546bcd72f1eee56ba4f2d74f1,Gold Coast Suns,Brisbane Lions,2026-06-06T07:15:00Z,betright,Bet Right,2026-06-01T23:37:21Z,h2h,Brisbane Lions,2.38,,20260601_233814_daily
ae9e730546bcd72f1eee56ba4f2d74f1,Gold Coast Suns,Brisbane Lions,2026-06-06T07:15:00Z,betright,Bet Right,2026-06-01T23:37:21Z,h2h,Gold Coast Suns,1.58,,20260601_233814_daily
ae9e730546bcd72f1eee56ba4f2d74f1,Gold Coast Suns,Brisbane Lions,2026-06-06T07:15:00Z,betright,Bet Right,2026-06-01T23:37:21Z,spreads,Brisbane Lions,1.9,10.5,20260601_233814_daily
ae9e730546bcd72f1eee56ba4f2d74f1,Gold Coast Suns,Brisbane Lions,2026-06-06T07:15:00Z,betright,Bet Right,2026-06-01T23:37:21Z,spreads,Gold Coast Suns,1.9,-10.5,20260601_233814_daily
d006af7fd3ab7d0eca0efd6032b03f15,West Coast Eagles,Port Adelaide Power,2026-06-06T10:15:57Z,unibet,Unibet,2026-06-01T23:37:21Z,h2h,Port Adelaide Power,1.68,,20260601_233814_daily
d006af7fd3ab7d0eca0efd6032b03f15,West Coast Eagles,Port Adelaide Power,2026-06-06T10:15:57Z,unibet,Unibet,2026-06-01T23:37:21Z,h2h,West Coast Eagles,2.12,,20260601_233814_daily
d006af7fd3ab7d0eca0efd6032b03f15,West Coast Eagles,Port Adelaide Power,2026-06-06T10:15:57Z,ladbrokes_au,Ladbrokes,2026-06-01T23:37:22Z,h2h,Port Adelaide Power,1.6,,20260601_233814_daily
d006af7fd3ab7d0eca0efd6032b03f15,West Coast Eagles,Port Adelaide Power,2026-06-06T10:15:57Z,ladbrokes_au,Ladbrokes,2026-06-01T23:37:22Z,h2h,West Coast Eagles,2.35,,20260601_233814_daily
d006af7fd3ab7d0eca0efd6032b03f15,West Coast Eagles,Port Adelaide Power,2026-06-06T10:15:57Z,betfair_ex_au,Betfair,2026-06-01T23:37:42Z,h2h,Port Adelaide Power,1.72,,20260601_233814_daily
d006af7fd3ab7d0eca0efd6032b03f15,West Coast Eagles,Port Adelaide Power,2026-06-06T10:15:57Z,betfair_ex_au,Betfair,2026-06-01T23:37:42Z,h2h,West Coast Eagles,2.28,,20260601_233814_daily
d006af7fd3ab7d0eca0efd6032b03f15,West Coast Eagles,Port Adelaide Power,2026-06-06T10:15:57Z,betfair_ex_au,Betfair,2026-06-01T23:37:42Z,h2h_lay,Port Adelaide Power,1.79,,20260601_233814_daily
d006af7fd3ab7d0eca0efd6032b03f15,West Coast Eagles,Port Adelaide Power,2026-06-06T10:15:57Z,betfair_ex_au,Betfair,2026-06-01T23:37:42Z,h2h_lay,West Coast Eagles,2.4,,20260601_233814_daily
d006af7fd3ab7d0eca0efd6032b03f15,West Coast Eagles,Port Adelaide Power,2026-06-06T10:15:57Z,neds,Neds,2026-06-01T23:37:21Z,h2h,Port Adelaide Power,1.6,,20260601_233814_daily
d006af7fd3ab7d0eca0efd6032b03f15,West Coast Eagles,Port Adelaide Power,2026-06-06T10:15:57Z,neds,Neds,2026-06-01T23:37:21Z,h2h,West Coast Eagles,2.35,,20260601_233814_daily
d006af7fd3ab7d0eca0efd6032b03f15,West Coast Eagles,Port Adelaide Power,2026-06-06T10:15:57Z,tabtouch,TABtouch,2026-06-01T23:37:20Z,h2h,Port Adelaide Power,1.7,,20260601_233814_daily
d006af7fd3ab7d0eca0efd6032b03f15,West Coast Eagles,Port Adelaide Power,2026-06-06T10:15:57Z,tabtouch,TABtouch,2026-06-01T23:37:20Z,h2h,West Coast Eagles,2.16,,20260601_233814_daily
d006af7fd3ab7d0eca0efd6032b03f15,West Coast Eagles,Port Adelaide Power,2026-06-06T10:15:57Z,tabtouch,TABtouch,2026-06-01T23:37:20Z,spreads,Port Adelaide Power,1.89,-6.5,20260601_233814_daily
d006af7fd3ab7d0eca0efd6032b03f15,West Coast Eagles,Port Adelaide Power,2026-06-06T10:15:57Z,tabtouch,TABtouch,2026-06-01T23:37:20Z,spreads,West Coast Eagles,1.89,6.5,20260601_233814_daily
d006af7fd3ab7d0eca0efd6032b03f15,West Coast Eagles,Port Adelaide Power,2026-06-06T10:15:57Z,tabtouch,TABtouch,2026-06-01T23:37:20Z,totals,Over,1.88,170.5,20260601_233814_daily
d006af7fd3ab7d0eca0efd6032b03f15,West Coast Eagles,Port Adelaide Power,2026-06-06T10:15:57Z,tabtouch,TABtouch,2026-06-01T23:37:20Z,totals,Under,1.88,170.5,20260601_233814_daily
d006af7fd3ab7d0eca0efd6032b03f15,West Coast Eagles,Port Adelaide Power,2026-06-06T10:15:57Z,tab,TAB,2026-06-01T23:37:42Z,h2h,Port Adelaide Power,1.7,,20260601_233814_daily
d006af7fd3ab7d0eca0efd6032b03f15,West Coast Eagles,Port Adelaide Power,2026-06-06T10:15:57Z,tab,TAB,2026-06-01T23:37:42Z,h2h,West Coast Eagles,2.15,,20260601_233814_daily
d006af7fd3ab7d0eca0efd6032b03f15,West Coast Eagles,Port Adelaide Power,2026-06-06T10:15:57Z,tab,TAB,2026-06-01T23:37:42Z,spreads,Port Adelaide Power,1.9,-6.5,20260601_233814_daily
d006af7fd3ab7d0eca0efd6032b03f15,West Coast Eagles,Port Adelaide Power,2026-06-06T10:15:57Z,tab,TAB,2026-06-01T23:37:42Z,spreads,West Coast Eagles,1.9,6.5,20260601_233814_daily
d006af7fd3ab7d0eca0efd6032b03f15,West Coast Eagles,Port Adelaide Power,2026-06-06T10:15:57Z,tab,TAB,2026-06-01T23:37:42Z,totals,Over,1.9,172.5,20260601_233814_daily
d006af7fd3ab7d0eca0efd6032b03f15,West Coast Eagles,Port Adelaide Power,2026-06-06T10:15:57Z,tab,TAB,2026-06-01T23:37:42Z,totals,Under,1.9,172.5,20260601_233814_daily
d006af7fd3ab7d0eca0efd6032b03f15,West Coast Eagles,Port Adelaide Power,2026-06-06T10:15:57Z,sportsbet,SportsBet,2026-06-01T23:37:43Z,h2h,Port Adelaide Power,1.59,,20260601_233814_daily
d006af7fd3ab7d0eca0efd6032b03f15,West Coast Eagles,Port Adelaide Power,2026-06-06T10:15:57Z,sportsbet,SportsBet,2026-06-01T23:37:43Z,h2h,West Coast Eagles,2.37,,20260601_233814_daily
d006af7fd3ab7d0eca0efd6032b03f15,West Coast Eagles,Port Adelaide Power,2026-06-06T10:15:57Z,sportsbet,SportsBet,2026-06-01T23:37:43Z,spreads,Port Adelaide Power,1.9,-8.5,20260601_233814_daily
d006af7fd3ab7d0eca0efd6032b03f15,West Coast Eagles,Port Adelaide Power,2026-06-06T10:15:57Z,sportsbet,SportsBet,2026-06-01T23:37:43Z,spreads,West Coast Eagles,1.9,8.5,20260601_233814_daily
d006af7fd3ab7d0eca0efd6032b03f15,West Coast Eagles,Port Adelaide Power,2026-06-06T10:15:57Z,sportsbet,SportsBet,2026-06-01T23:37:43Z,totals,Over,1.9,172.5,20260601_233814_daily
d006af7fd3ab7d0eca0efd6032b03f15,West Coast Eagles,Port Adelaide Power,2026-06-06T10:15:57Z,sportsbet,SportsBet,2026-06-01T23:37:43Z,totals,Under,1.86,172.5,20260601_233814_daily
d006af7fd3ab7d0eca0efd6032b03f15,West Coast Eagles,Port Adelaide Power,2026-06-06T10:15:57Z,pointsbetau,PointsBet (AU),2026-06-01T23:37:23Z,h2h,Port Adelaide Power,1.71,,20260601_233814_daily
d006af7fd3ab7d0eca0efd6032b03f15,West Coast Eagles,Port Adelaide Power,2026-06-06T10:15:57Z,pointsbetau,PointsBet (AU),2026-06-01T23:37:23Z,h2h,West Coast Eagles,2.15,,20260601_233814_daily
d006af7fd3ab7d0eca0efd6032b03f15,West Coast Eagles,Port Adelaide Power,2026-06-06T10:15:57Z,pointsbetau,PointsBet (AU),2026-06-01T23:37:23Z,spreads,Port Adelaide Power,1.88,-6.5,20260601_233814_daily
d006af7fd3ab7d0eca0efd6032b03f15,West Coast Eagles,Port Adelaide Power,2026-06-06T10:15:57Z,pointsbetau,PointsBet (AU),2026-06-01T23:37:23Z,spreads,West Coast Eagles,1.88,6.5,20260601_233814_daily
d006af7fd3ab7d0eca0efd6032b03f15,West Coast Eagles,Port Adelaide Power,2026-06-06T10:15:57Z,pointsbetau,PointsBet (AU),2026-06-01T23:37:23Z,totals,Over,1.88,172.5,20260601_233814_daily
d006af7fd3ab7d0eca0efd6032b03f15,West Coast Eagles,Port Adelaide Power,2026-06-06T10:15:57Z,pointsbetau,PointsBet (AU),2026-06-01T23:37:23Z,totals,Under,1.88,172.5,20260601_233814_daily
d006af7fd3ab7d0eca0efd6032b03f15,West Coast Eagles,Port Adelaide Power,2026-06-06T10:15:57Z,betr_au,Betr,2026-06-01T23:37:21Z,h2h,Port Adelaide Power,1.7,,20260601_233814_daily
d006af7fd3ab7d0eca0efd6032b03f15,West Coast Eagles,Port Adelaide Power,2026-06-06T10:15:57Z,betr_au,Betr,2026-06-01T23:37:21Z,h2h,West Coast Eagles,2.15,,20260601_233814_daily
d006af7fd3ab7d0eca0efd6032b03f15,West Coast Eagles,Port Adelaide Power,2026-06-06T10:15:57Z,betr_au,Betr,2026-06-01T23:37:21Z,spreads,Port Adelaide Power,1.9,-6.5,20260601_233814_daily
d006af7fd3ab7d0eca0efd6032b03f15,West Coast Eagles,Port Adelaide Power,2026-06-06T10:15:57Z,betr_au,Betr,2026-06-01T23:37:21Z,spreads,West Coast Eagles,1.9,6.5,20260601_233814_daily
d006af7fd3ab7d0eca0efd6032b03f15,West Coast Eagles,Port Adelaide Power,2026-06-06T10:15:57Z,playup,PlayUp,2026-06-01T23:38:01Z,h2h,Port Adelaide Power,1.68,,20260601_233814_daily
d006af7fd3ab7d0eca0efd6032b03f15,West Coast Eagles,Port Adelaide Power,2026-06-06T10:15:57Z,playup,PlayUp,2026-06-01T23:38:01Z,h2h,West Coast Eagles,2.2,,20260601_233814_daily
d006af7fd3ab7d0eca0efd6032b03f15,West Coast Eagles,Port Adelaide Power,2026-06-06T10:15:57Z,playup,PlayUp,2026-06-01T23:38:01Z,spreads,Port Adelaide Power,1.9,-6.5,20260601_233814_daily
d006af7fd3ab7d0eca0efd6032b03f15,West Coast Eagles,Port Adelaide Power,2026-06-06T10:15:57Z,playup,PlayUp,2026-06-01T23:38:01Z,spreads,West Coast Eagles,1.9,6.5,20260601_233814_daily
d006af7fd3ab7d0eca0efd6032b03f15,West Coast Eagles,Port Adelaide Power,2026-06-06T10:15:57Z,playup,PlayUp,2026-06-01T23:38:01Z,totals,Over,1.88,172.5,20260601_233814_daily
d006af7fd3ab7d0eca0efd6032b03f15,West Coast Eagles,Port Adelaide Power,2026-06-06T10:15:57Z,playup,PlayUp,2026-06-01T23:38:01Z,totals,Under,1.88,172.5,20260601_233814_daily
d006af7fd3ab7d0eca0efd6032b03f15,West Coast Eagles,Port Adelaide Power,2026-06-06T10:15:57Z,dabble_au,Dabble AU,2026-06-01T23:37:02Z,h2h,Port Adelaide Power,1.6,,20260601_233814_daily
d006af7fd3ab7d0eca0efd6032b03f15,West Coast Eagles,Port Adelaide Power,2026-06-06T10:15:57Z,dabble_au,Dabble AU,2026-06-01T23:37:02Z,h2h,West Coast Eagles,2.35,,20260601_233814_daily
d006af7fd3ab7d0eca0efd6032b03f15,West Coast Eagles,Port Adelaide Power,2026-06-06T10:15:57Z,dabble_au,Dabble AU,2026-06-01T23:37:02Z,spreads,Port Adelaide Power,1.9,-9.5,20260601_233814_daily
d006af7fd3ab7d0eca0efd6032b03f15,West Coast Eagles,Port Adelaide Power,2026-06-06T10:15:57Z,dabble_au,Dabble AU,2026-06-01T23:37:02Z,spreads,West Coast Eagles,1.9,9.5,20260601_233814_daily
d006af7fd3ab7d0eca0efd6032b03f15,West Coast Eagles,Port Adelaide Power,2026-06-06T10:15:57Z,betright,Bet Right,2026-06-01T23:37:21Z,h2h,Port Adelaide Power,1.7,,20260601_233814_daily
d006af7fd3ab7d0eca0efd6032b03f15,West Coast Eagles,Port Adelaide Power,2026-06-06T10:15:57Z,betright,Bet Right,2026-06-01T23:37:21Z,h2h,West Coast Eagles,2.15,,20260601_233814_daily
d006af7fd3ab7d0eca0efd6032b03f15,West Coast Eagles,Port Adelaide Power,2026-06-06T10:15:57Z,betright,Bet Right,2026-06-01T23:37:21Z,spreads,Port Adelaide Power,1.9,-6.5,20260601_233814_daily
d006af7fd3ab7d0eca0efd6032b03f15,West Coast Eagles,Port Adelaide Power,2026-06-06T10:15:57Z,betright,Bet Right,2026-06-01T23:37:21Z,spreads,West Coast Eagles,1.9,6.5,20260601_233814_daily
d35e2da67794aaadd64b607c11fc9387,Sydney Swans,St Kilda Saints,2026-06-07T05:15:00Z,unibet,Unibet,2026-06-01T23:37:21Z,h2h,St Kilda Saints,4.2,,20260601_233814_daily
d35e2da67794aaadd64b607c11fc9387,Sydney Swans,St Kilda Saints,2026-06-07T05:15:00Z,unibet,Unibet,2026-06-01T23:37:21Z,h2h,Sydney Swans,1.21,,20260601_233814_daily
d35e2da67794aaadd64b607c11fc9387,Sydney Swans,St Kilda Saints,2026-06-07T05:15:00Z,ladbrokes_au,Ladbrokes,2026-06-01T23:37:22Z,h2h,St Kilda Saints,4.0,,20260601_233814_daily
d35e2da67794aaadd64b607c11fc9387,Sydney Swans,St Kilda Saints,2026-06-07T05:15:00Z,ladbrokes_au,Ladbrokes,2026-06-01T23:37:22Z,h2h,Sydney Swans,1.25,,20260601_233814_daily
d35e2da67794aaadd64b607c11fc9387,Sydney Swans,St Kilda Saints,2026-06-07T05:15:00Z,betfair_ex_au,Betfair,2026-06-01T23:37:42Z,h2h,St Kilda Saints,4.6,,20260601_233814_daily
d35e2da67794aaadd64b607c11fc9387,Sydney Swans,St Kilda Saints,2026-06-07T05:15:00Z,betfair_ex_au,Betfair,2026-06-01T23:37:42Z,h2h,Sydney Swans,1.25,,20260601_233814_daily
d35e2da67794aaadd64b607c11fc9387,Sydney Swans,St Kilda Saints,2026-06-07T05:15:00Z,betfair_ex_au,Betfair,2026-06-01T23:37:42Z,h2h_lay,St Kilda Saints,5.0,,20260601_233814_daily
d35e2da67794aaadd64b607c11fc9387,Sydney Swans,St Kilda Saints,2026-06-07T05:15:00Z,betfair_ex_au,Betfair,2026-06-01T23:37:42Z,h2h_lay,Sydney Swans,1.28,,20260601_233814_daily
d35e2da67794aaadd64b607c11fc9387,Sydney Swans,St Kilda Saints,2026-06-07T05:15:00Z,playup,PlayUp,2026-06-01T23:38:01Z,h2h,St Kilda Saints,4.5,,20260601_233814_daily
d35e2da67794aaadd64b607c11fc9387,Sydney Swans,St Kilda Saints,2026-06-07T05:15:00Z,playup,PlayUp,2026-06-01T23:38:01Z,h2h,Sydney Swans,1.19,,20260601_233814_daily
d35e2da67794aaadd64b607c11fc9387,Sydney Swans,St Kilda Saints,2026-06-07T05:15:00Z,playup,PlayUp,2026-06-01T23:38:01Z,spreads,St Kilda Saints,1.88,29.5,20260601_233814_daily
d35e2da67794aaadd64b607c11fc9387,Sydney Swans,St Kilda Saints,2026-06-07T05:15:00Z,playup,PlayUp,2026-06-01T23:38:01Z,spreads,Sydney Swans,1.88,-29.5,20260601_233814_daily
d35e2da67794aaadd64b607c11fc9387,Sydney Swans,St Kilda Saints,2026-06-07T05:15:00Z,neds,Neds,2026-06-01T23:37:21Z,h2h,St Kilda Saints,4.0,,20260601_233814_daily
d35e2da67794aaadd64b607c11fc9387,Sydney Swans,St Kilda Saints,2026-06-07T05:15:00Z,neds,Neds,2026-06-01T23:37:21Z,h2h,Sydney Swans,1.25,,20260601_233814_daily
d35e2da67794aaadd64b607c11fc9387,Sydney Swans,St Kilda Saints,2026-06-07T05:15:00Z,tabtouch,TABtouch,2026-06-01T23:37:20Z,h2h,St Kilda Saints,4.4,,20260601_233814_daily
d35e2da67794aaadd64b607c11fc9387,Sydney Swans,St Kilda Saints,2026-06-07T05:15:00Z,tabtouch,TABtouch,2026-06-01T23:37:20Z,h2h,Sydney Swans,1.21,,20260601_233814_daily
d35e2da67794aaadd64b607c11fc9387,Sydney Swans,St Kilda Saints,2026-06-07T05:15:00Z,tabtouch,TABtouch,2026-06-01T23:37:20Z,spreads,St Kilda Saints,1.89,29.5,20260601_233814_daily
d35e2da67794aaadd64b607c11fc9387,Sydney Swans,St Kilda Saints,2026-06-07T05:15:00Z,tabtouch,TABtouch,2026-06-01T23:37:20Z,spreads,Sydney Swans,1.89,-29.5,20260601_233814_daily
d35e2da67794aaadd64b607c11fc9387,Sydney Swans,St Kilda Saints,2026-06-07T05:15:00Z,tabtouch,TABtouch,2026-06-01T23:37:20Z,totals,Over,1.88,188.5,20260601_233814_daily
d35e2da67794aaadd64b607c11fc9387,Sydney Swans,St Kilda Saints,2026-06-07T05:15:00Z,tabtouch,TABtouch,2026-06-01T23:37:20Z,totals,Under,1.88,188.5,20260601_233814_daily
d35e2da67794aaadd64b607c11fc9387,Sydney Swans,St Kilda Saints,2026-06-07T05:15:00Z,tab,TAB,2026-06-01T23:37:42Z,h2h,St Kilda Saints,4.5,,20260601_233814_daily
d35e2da67794aaadd64b607c11fc9387,Sydney Swans,St Kilda Saints,2026-06-07T05:15:00Z,tab,TAB,2026-06-01T23:37:42Z,h2h,Sydney Swans,1.2,,20260601_233814_daily
d35e2da67794aaadd64b607c11fc9387,Sydney Swans,St Kilda Saints,2026-06-07T05:15:00Z,tab,TAB,2026-06-01T23:37:42Z,spreads,St Kilda Saints,1.9,29.5,20260601_233814_daily
d35e2da67794aaadd64b607c11fc9387,Sydney Swans,St Kilda Saints,2026-06-07T05:15:00Z,tab,TAB,2026-06-01T23:37:42Z,spreads,Sydney Swans,1.9,-29.5,20260601_233814_daily
d35e2da67794aaadd64b607c11fc9387,Sydney Swans,St Kilda Saints,2026-06-07T05:15:00Z,tab,TAB,2026-06-01T23:37:42Z,totals,Over,1.9,185.5,20260601_233814_daily
d35e2da67794aaadd64b607c11fc9387,Sydney Swans,St Kilda Saints,2026-06-07T05:15:00Z,tab,TAB,2026-06-01T23:37:42Z,totals,Under,1.9,185.5,20260601_233814_daily
d35e2da67794aaadd64b607c11fc9387,Sydney Swans,St Kilda Saints,2026-06-07T05:15:00Z,betr_au,Betr,2026-06-01T23:37:21Z,h2h,St Kilda Saints,4.3,,20260601_233814_daily
d35e2da67794aaadd64b607c11fc9387,Sydney Swans,St Kilda Saints,2026-06-07T05:15:00Z,betr_au,Betr,2026-06-01T23:37:21Z,h2h,Sydney Swans,1.22,,20260601_233814_daily
d35e2da67794aaadd64b607c11fc9387,Sydney Swans,St Kilda Saints,2026-06-07T05:15:00Z,betr_au,Betr,2026-06-01T23:37:21Z,spreads,St Kilda Saints,1.9,28.5,20260601_233814_daily
d35e2da67794aaadd64b607c11fc9387,Sydney Swans,St Kilda Saints,2026-06-07T05:15:00Z,betr_au,Betr,2026-06-01T23:37:21Z,spreads,Sydney Swans,1.9,-28.5,20260601_233814_daily
d35e2da67794aaadd64b607c11fc9387,Sydney Swans,St Kilda Saints,2026-06-07T05:15:00Z,sportsbet,SportsBet,2026-06-01T23:37:43Z,h2h,St Kilda Saints,4.35,,20260601_233814_daily
d35e2da67794aaadd64b607c11fc9387,Sydney Swans,St Kilda Saints,2026-06-07T05:15:00Z,sportsbet,SportsBet,2026-06-01T23:37:43Z,h2h,Sydney Swans,1.22,,20260601_233814_daily
d35e2da67794aaadd64b607c11fc9387,Sydney Swans,St Kilda Saints,2026-06-07T05:15:00Z,sportsbet,SportsBet,2026-06-01T23:37:43Z,spreads,St Kilda Saints,1.89,29.5,20260601_233814_daily
d35e2da67794aaadd64b607c11fc9387,Sydney Swans,St Kilda Saints,2026-06-07T05:15:00Z,sportsbet,SportsBet,2026-06-01T23:37:43Z,spreads,Sydney Swans,1.91,-29.5,20260601_233814_daily
d35e2da67794aaadd64b607c11fc9387,Sydney Swans,St Kilda Saints,2026-06-07T05:15:00Z,sportsbet,SportsBet,2026-06-01T23:37:43Z,totals,Over,1.87,185.5,20260601_233814_daily
d35e2da67794aaadd64b607c11fc9387,Sydney Swans,St Kilda Saints,2026-06-07T05:15:00Z,sportsbet,SportsBet,2026-06-01T23:37:43Z,totals,Under,1.89,185.5,20260601_233814_daily
d35e2da67794aaadd64b607c11fc9387,Sydney Swans,St Kilda Saints,2026-06-07T05:15:00Z,pointsbetau,PointsBet (AU),2026-06-01T23:37:23Z,h2h,St Kilda Saints,4.5,,20260601_233814_daily
d35e2da67794aaadd64b607c11fc9387,Sydney Swans,St Kilda Saints,2026-06-07T05:15:00Z,pointsbetau,PointsBet (AU),2026-06-01T23:37:23Z,h2h,Sydney Swans,1.18,,20260601_233814_daily
d35e2da67794aaadd64b607c11fc9387,Sydney Swans,St Kilda Saints,2026-06-07T05:15:00Z,pointsbetau,PointsBet (AU),2026-06-01T23:37:23Z,spreads,St Kilda Saints,1.88,29.5,20260601_233814_daily
d35e2da67794aaadd64b607c11fc9387,Sydney Swans,St Kilda Saints,2026-06-07T05:15:00Z,pointsbetau,PointsBet (AU),2026-06-01T23:37:23Z,spreads,Sydney Swans,1.88,-29.5,20260601_233814_daily
d35e2da67794aaadd64b607c11fc9387,Sydney Swans,St Kilda Saints,2026-06-07T05:15:00Z,pointsbetau,PointsBet (AU),2026-06-01T23:37:23Z,totals,Over,1.88,185.5,20260601_233814_daily
d35e2da67794aaadd64b607c11fc9387,Sydney Swans,St Kilda Saints,2026-06-07T05:15:00Z,pointsbetau,PointsBet (AU),2026-06-01T23:37:23Z,totals,Under,1.88,185.5,20260601_233814_daily
d35e2da67794aaadd64b607c11fc9387,Sydney Swans,St Kilda Saints,2026-06-07T05:15:00Z,betright,Bet Right,2026-06-01T23:37:21Z,h2h,St Kilda Saints,4.3,,20260601_233814_daily
d35e2da67794aaadd64b607c11fc9387,Sydney Swans,St Kilda Saints,2026-06-07T05:15:00Z,betright,Bet Right,2026-06-01T23:37:21Z,h2h,Sydney Swans,1.22,,20260601_233814_daily
d35e2da67794aaadd64b607c11fc9387,Sydney Swans,St Kilda Saints,2026-06-07T05:15:00Z,betright,Bet Right,2026-06-01T23:37:21Z,spreads,St Kilda Saints,1.9,29.5,20260601_233814_daily
d35e2da67794aaadd64b607c11fc9387,Sydney Swans,St Kilda Saints,2026-06-07T05:15:00Z,betright,Bet Right,2026-06-01T23:37:21Z,spreads,Sydney Swans,1.9,-29.5,20260601_233814_daily
d35e2da67794aaadd64b607c11fc9387,Sydney Swans,St Kilda Saints,2026-06-07T05:15:00Z,dabble_au,Dabble AU,2026-06-01T23:37:02Z,h2h,St Kilda Saints,4.25,,20260601_233814_daily
d35e2da67794aaadd64b607c11fc9387,Sydney Swans,St Kilda Saints,2026-06-07T05:15:00Z,dabble_au,Dabble AU,2026-06-01T23:37:02Z,h2h,Sydney Swans,1.24,,20260601_233814_daily
d35e2da67794aaadd64b607c11fc9387,Sydney Swans,St Kilda Saints,2026-06-07T05:15:00Z,dabble_au,Dabble AU,2026-06-01T23:37:02Z,spreads,St Kilda Saints,1.9,27.5,20260601_233814_daily
d35e2da67794aaadd64b607c11fc9387,Sydney Swans,St Kilda Saints,2026-06-07T05:15:00Z,dabble_au,Dabble AU,2026-06-01T23:37:02Z,spreads,Sydney Swans,1.9,-27.5,20260601_233814_daily
87916d1c0805a3f57417d6e474ebd18d,Essendon Bombers,Carlton Blues,2026-06-07T09:20:02Z,unibet,Unibet,2026-06-01T23:37:21Z,h2h,Carlton Blues,1.21,,20260601_233814_daily
87916d1c0805a3f57417d6e474ebd18d,Essendon Bombers,Carlton Blues,2026-06-07T09:20:02Z,unibet,Unibet,2026-06-01T23:37:21Z,h2h,Essendon Bombers,4.2,,20260601_233814_daily
87916d1c0805a3f57417d6e474ebd18d,Essendon Bombers,Carlton Blues,2026-06-07T09:20:02Z,betfair_ex_au,Betfair,2026-06-01T23:37:42Z,h2h,Carlton Blues,1.23,,20260601_233814_daily
87916d1c0805a3f57417d6e474ebd18d,Essendon Bombers,Carlton Blues,2026-06-07T09:20:02Z,betfair_ex_au,Betfair,2026-06-01T23:37:42Z,h2h,Essendon Bombers,5.1,,20260601_233814_daily
87916d1c0805a3f57417d6e474ebd18d,Essendon Bombers,Carlton Blues,2026-06-07T09:20:02Z,betfair_ex_au,Betfair,2026-06-01T23:37:42Z,h2h_lay,Carlton Blues,1.25,,20260601_233814_daily
87916d1c0805a3f57417d6e474ebd18d,Essendon Bombers,Carlton Blues,2026-06-07T09:20:02Z,betfair_ex_au,Betfair,2026-06-01T23:37:42Z,h2h_lay,Essendon Bombers,5.4,,20260601_233814_daily
87916d1c0805a3f57417d6e474ebd18d,Essendon Bombers,Carlton Blues,2026-06-07T09:20:02Z,tab,TAB,2026-06-01T23:37:42Z,h2h,Carlton Blues,1.18,,20260601_233814_daily
87916d1c0805a3f57417d6e474ebd18d,Essendon Bombers,Carlton Blues,2026-06-07T09:20:02Z,tab,TAB,2026-06-01T23:37:42Z,h2h,Essendon Bombers,4.8,,20260601_233814_daily
87916d1c0805a3f57417d6e474ebd18d,Essendon Bombers,Carlton Blues,2026-06-07T09:20:02Z,tab,TAB,2026-06-01T23:37:42Z,spreads,Carlton Blues,1.9,-31.5,20260601_233814_daily
87916d1c0805a3f57417d6e474ebd18d,Essendon Bombers,Carlton Blues,2026-06-07T09:20:02Z,tab,TAB,2026-06-01T23:37:42Z,spreads,Essendon Bombers,1.9,31.5,20260601_233814_daily
87916d1c0805a3f57417d6e474ebd18d,Essendon Bombers,Carlton Blues,2026-06-07T09:20:02Z,tab,TAB,2026-06-01T23:37:42Z,totals,Over,1.9,173.5,20260601_233814_daily
87916d1c0805a3f57417d6e474ebd18d,Essendon Bombers,Carlton Blues,2026-06-07T09:20:02Z,tab,TAB,2026-06-01T23:37:42Z,totals,Under,1.9,173.5,20260601_233814_daily
87916d1c0805a3f57417d6e474ebd18d,Essendon Bombers,Carlton Blues,2026-06-07T09:20:02Z,tabtouch,TABtouch,2026-06-01T23:37:20Z,h2h,Carlton Blues,1.21,,20260601_233814_daily
87916d1c0805a3f57417d6e474ebd18d,Essendon Bombers,Carlton Blues,2026-06-07T09:20:02Z,tabtouch,TABtouch,2026-06-01T23:37:20Z,h2h,Essendon Bombers,4.25,,20260601_233814_daily
87916d1c0805a3f57417d6e474ebd18d,Essendon Bombers,Carlton Blues,2026-06-07T09:20:02Z,tabtouch,TABtouch,2026-06-01T23:37:20Z,spreads,Carlton Blues,1.89,-30.5,20260601_233814_daily
87916d1c0805a3f57417d6e474ebd18d,Essendon Bombers,Carlton Blues,2026-06-07T09:20:02Z,tabtouch,TABtouch,2026-06-01T23:37:20Z,spreads,Essendon Bombers,1.89,30.5,20260601_233814_daily
87916d1c0805a3f57417d6e474ebd18d,Essendon Bombers,Carlton Blues,2026-06-07T09:20:02Z,tabtouch,TABtouch,2026-06-01T23:37:20Z,totals,Over,1.88,172.5,20260601_233814_daily
87916d1c0805a3f57417d6e474ebd18d,Essendon Bombers,Carlton Blues,2026-06-07T09:20:02Z,tabtouch,TABtouch,2026-06-01T23:37:20Z,totals,Under,1.88,172.5,20260601_233814_daily
87916d1c0805a3f57417d6e474ebd18d,Essendon Bombers,Carlton Blues,2026-06-07T09:20:02Z,sportsbet,SportsBet,2026-06-01T23:37:43Z,h2h,Carlton Blues,1.18,,20260601_233814_daily
87916d1c0805a3f57417d6e474ebd18d,Essendon Bombers,Carlton Blues,2026-06-07T09:20:02Z,sportsbet,SportsBet,2026-06-01T23:37:43Z,h2h,Essendon Bombers,4.9,,20260601_233814_daily
87916d1c0805a3f57417d6e474ebd18d,Essendon Bombers,Carlton Blues,2026-06-07T09:20:02Z,sportsbet,SportsBet,2026-06-01T23:37:43Z,spreads,Carlton Blues,1.9,-30.5,20260601_233814_daily
87916d1c0805a3f57417d6e474ebd18d,Essendon Bombers,Carlton Blues,2026-06-07T09:20:02Z,sportsbet,SportsBet,2026-06-01T23:37:43Z,spreads,Essendon Bombers,1.9,30.5,20260601_233814_daily
87916d1c0805a3f57417d6e474ebd18d,Essendon Bombers,Carlton Blues,2026-06-07T09:20:02Z,sportsbet,SportsBet,2026-06-01T23:37:43Z,totals,Over,1.9,173.5,20260601_233814_daily
87916d1c0805a3f57417d6e474ebd18d,Essendon Bombers,Carlton Blues,2026-06-07T09:20:02Z,sportsbet,SportsBet,2026-06-01T23:37:43Z,totals,Under,1.9,173.5,20260601_233814_daily
87916d1c0805a3f57417d6e474ebd18d,Essendon Bombers,Carlton Blues,2026-06-07T09:20:02Z,pointsbetau,PointsBet (AU),2026-06-01T23:37:23Z,h2h,Carlton Blues,1.17,,20260601_233814_daily
87916d1c0805a3f57417d6e474ebd18d,Essendon Bombers,Carlton Blues,2026-06-07T09:20:02Z,pointsbetau,PointsBet (AU),2026-06-01T23:37:23Z,h2h,Essendon Bombers,4.75,,20260601_233814_daily
87916d1c0805a3f57417d6e474ebd18d,Essendon Bombers,Carlton Blues,2026-06-07T09:20:02Z,pointsbetau,PointsBet (AU),2026-06-01T23:37:23Z,spreads,Carlton Blues,1.88,-30.5,20260601_233814_daily
87916d1c0805a3f57417d6e474ebd18d,Essendon Bombers,Carlton Blues,2026-06-07T09:20:02Z,pointsbetau,PointsBet (AU),2026-06-01T23:37:23Z,spreads,Essendon Bombers,1.88,30.5,20260601_233814_daily
87916d1c0805a3f57417d6e474ebd18d,Essendon Bombers,Carlton Blues,2026-06-07T09:20:02Z,pointsbetau,PointsBet (AU),2026-06-01T23:37:23Z,totals,Over,1.88,173.5,20260601_233814_daily
87916d1c0805a3f57417d6e474ebd18d,Essendon Bombers,Carlton Blues,2026-06-07T09:20:02Z,pointsbetau,PointsBet (AU),2026-06-01T23:37:23Z,totals,Under,1.88,173.5,20260601_233814_daily
87916d1c0805a3f57417d6e474ebd18d,Essendon Bombers,Carlton Blues,2026-06-07T09:20:02Z,betr_au,Betr,2026-06-01T23:37:21Z,h2h,Carlton Blues,1.2,,20260601_233814_daily
87916d1c0805a3f57417d6e474ebd18d,Essendon Bombers,Carlton Blues,2026-06-07T09:20:02Z,betr_au,Betr,2026-06-01T23:37:21Z,h2h,Essendon Bombers,4.5,,20260601_233814_daily
87916d1c0805a3f57417d6e474ebd18d,Essendon Bombers,Carlton Blues,2026-06-07T09:20:02Z,betr_au,Betr,2026-06-01T23:37:21Z,spreads,Carlton Blues,1.9,-31.5,20260601_233814_daily
87916d1c0805a3f57417d6e474ebd18d,Essendon Bombers,Carlton Blues,2026-06-07T09:20:02Z,betr_au,Betr,2026-06-01T23:37:21Z,spreads,Essendon Bombers,1.9,31.5,20260601_233814_daily
87916d1c0805a3f57417d6e474ebd18d,Essendon Bombers,Carlton Blues,2026-06-07T09:20:02Z,playup,PlayUp,2026-06-01T23:38:01Z,h2h,Carlton Blues,1.17,,20260601_233814_daily
87916d1c0805a3f57417d6e474ebd18d,Essendon Bombers,Carlton Blues,2026-06-07T09:20:02Z,playup,PlayUp,2026-06-01T23:38:01Z,h2h,Essendon Bombers,4.85,,20260601_233814_daily
87916d1c0805a3f57417d6e474ebd18d,Essendon Bombers,Carlton Blues,2026-06-07T09:20:02Z,playup,PlayUp,2026-06-01T23:38:01Z,spreads,Carlton Blues,1.88,-31.5,20260601_233814_daily
87916d1c0805a3f57417d6e474ebd18d,Essendon Bombers,Carlton Blues,2026-06-07T09:20:02Z,playup,PlayUp,2026-06-01T23:38:01Z,spreads,Essendon Bombers,1.88,31.5,20260601_233814_daily
87916d1c0805a3f57417d6e474ebd18d,Essendon Bombers,Carlton Blues,2026-06-07T09:20:02Z,ladbrokes_au,Ladbrokes,2026-06-01T23:37:22Z,h2h,Carlton Blues,1.18,,20260601_233814_daily
87916d1c0805a3f57417d6e474ebd18d,Essendon Bombers,Carlton Blues,2026-06-07T09:20:02Z,ladbrokes_au,Ladbrokes,2026-06-01T23:37:22Z,h2h,Essendon Bombers,4.75,,20260601_233814_daily
87916d1c0805a3f57417d6e474ebd18d,Essendon Bombers,Carlton Blues,2026-06-07T09:20:02Z,neds,Neds,2026-06-01T23:37:21Z,h2h,Carlton Blues,1.18,,20260601_233814_daily
87916d1c0805a3f57417d6e474ebd18d,Essendon Bombers,Carlton Blues,2026-06-07T09:20:02Z,neds,Neds,2026-06-01T23:37:21Z,h2h,Essendon Bombers,4.75,,20260601_233814_daily
87916d1c0805a3f57417d6e474ebd18d,Essendon Bombers,Carlton Blues,2026-06-07T09:20:02Z,betright,Bet Right,2026-06-01T23:37:21Z,h2h,Carlton Blues,1.18,,20260601_233814_daily
87916d1c0805a3f57417d6e474ebd18d,Essendon Bombers,Carlton Blues,2026-06-07T09:20:02Z,betright,Bet Right,2026-06-01T23:37:21Z,h2h,Essendon Bombers,4.9,,20260601_233814_daily
87916d1c0805a3f57417d6e474ebd18d,Essendon Bombers,Carlton Blues,2026-06-07T09:20:02Z,betright,Bet Right,2026-06-01T23:37:21Z,spreads,Carlton Blues,1.9,-31.5,20260601_233814_daily
87916d1c0805a3f57417d6e474ebd18d,Essendon Bombers,Carlton Blues,2026-06-07T09:20:02Z,betright,Bet Right,2026-06-01T23:37:21Z,spreads,Essendon Bombers,1.9,31.5,20260601_233814_daily
87916d1c0805a3f57417d6e474ebd18d,Essendon Bombers,Carlton Blues,2026-06-07T09:20:02Z,dabble_au,Dabble AU,2026-06-01T23:37:02Z,h2h,Carlton Blues,1.22,,20260601_233814_daily
87916d1c0805a3f57417d6e474ebd18d,Essendon Bombers,Carlton Blues,2026-06-07T09:20:02Z,dabble_au,Dabble AU,2026-06-01T23:37:02Z,h2h,Essendon Bombers,4.25,,20260601_233814_daily
87916d1c0805a3f57417d6e474ebd18d,Essendon Bombers,Carlton Blues,2026-06-07T09:20:02Z,dabble_au,Dabble AU,2026-06-01T23:37:02Z,spreads,Carlton Blues,1.9,-28.5,20260601_233814_daily
87916d1c0805a3f57417d6e474ebd18d,Essendon Bombers,Carlton Blues,2026-06-07T09:20:02Z,dabble_au,Dabble AU,2026-06-01T23:37:02Z,spreads,Essendon Bombers,1.9,28.5,20260601_233814_daily
71e562fa330b4eacc2f60368fc9fb4e0,Collingwood Magpies,Melbourne Demons,2026-06-08T05:15:33Z,unibet,Unibet,2026-06-01T23:37:21Z,h2h,Collingwood Magpies,1.88,,20260601_233814_daily
71e562fa330b4eacc2f60368fc9fb4e0,Collingwood Magpies,Melbourne Demons,2026-06-08T05:15:33Z,unibet,Unibet,2026-06-01T23:37:21Z,h2h,Melbourne Demons,1.89,,20260601_233814_daily
71e562fa330b4eacc2f60368fc9fb4e0,Collingwood Magpies,Melbourne Demons,2026-06-08T05:15:33Z,betfair_ex_au,Betfair,2026-06-01T23:37:42Z,h2h,Collingwood Magpies,2.0,,20260601_233814_daily
71e562fa330b4eacc2f60368fc9fb4e0,Collingwood Magpies,Melbourne Demons,2026-06-08T05:15:33Z,betfair_ex_au,Betfair,2026-06-01T23:37:42Z,h2h,Melbourne Demons,1.91,,20260601_233814_daily
71e562fa330b4eacc2f60368fc9fb4e0,Collingwood Magpies,Melbourne Demons,2026-06-08T05:15:33Z,betfair_ex_au,Betfair,2026-06-01T23:37:42Z,h2h_lay,Collingwood Magpies,2.1,,20260601_233814_daily
71e562fa330b4eacc2f60368fc9fb4e0,Collingwood Magpies,Melbourne Demons,2026-06-08T05:15:33Z,betfair_ex_au,Betfair,2026-06-01T23:37:42Z,h2h_lay,Melbourne Demons,2.0,,20260601_233814_daily
71e562fa330b4eacc2f60368fc9fb4e0,Collingwood Magpies,Melbourne Demons,2026-06-08T05:15:33Z,tab,TAB,2026-06-01T23:37:42Z,h2h,Collingwood Magpies,1.9,,20260601_233814_daily
71e562fa330b4eacc2f60368fc9fb4e0,Collingwood Magpies,Melbourne Demons,2026-06-08T05:15:33Z,tab,TAB,2026-06-01T23:37:42Z,h2h,Melbourne Demons,1.9,,20260601_233814_daily
71e562fa330b4eacc2f60368fc9fb4e0,Collingwood Magpies,Melbourne Demons,2026-06-08T05:15:33Z,tab,TAB,2026-06-01T23:37:42Z,spreads,Collingwood Magpies,1.85,1.5,20260601_233814_daily
71e562fa330b4eacc2f60368fc9fb4e0,Collingwood Magpies,Melbourne Demons,2026-06-08T05:15:33Z,tab,TAB,2026-06-01T23:37:42Z,spreads,Melbourne Demons,1.95,-1.5,20260601_233814_daily
71e562fa330b4eacc2f60368fc9fb4e0,Collingwood Magpies,Melbourne Demons,2026-06-08T05:15:33Z,tab,TAB,2026-06-01T23:37:42Z,totals,Over,1.9,184.5,20260601_233814_daily
71e562fa330b4eacc2f60368fc9fb4e0,Collingwood Magpies,Melbourne Demons,2026-06-08T05:15:33Z,tab,TAB,2026-06-01T23:37:42Z,totals,Under,1.9,184.5,20260601_233814_daily
71e562fa330b4eacc2f60368fc9fb4e0,Collingwood Magpies,Melbourne Demons,2026-06-08T05:15:33Z,ladbrokes_au,Ladbrokes,2026-06-01T23:37:22Z,h2h,Collingwood Magpies,1.95,,20260601_233814_daily
71e562fa330b4eacc2f60368fc9fb4e0,Collingwood Magpies,Melbourne Demons,2026-06-08T05:15:33Z,ladbrokes_au,Ladbrokes,2026-06-01T23:37:22Z,h2h,Melbourne Demons,1.85,,20260601_233814_daily
71e562fa330b4eacc2f60368fc9fb4e0,Collingwood Magpies,Melbourne Demons,2026-06-08T05:15:33Z,tabtouch,TABtouch,2026-06-01T23:37:20Z,h2h,Collingwood Magpies,1.89,,20260601_233814_daily
71e562fa330b4eacc2f60368fc9fb4e0,Collingwood Magpies,Melbourne Demons,2026-06-08T05:15:33Z,tabtouch,TABtouch,2026-06-01T23:37:20Z,h2h,Melbourne Demons,1.91,,20260601_233814_daily
71e562fa330b4eacc2f60368fc9fb4e0,Collingwood Magpies,Melbourne Demons,2026-06-08T05:15:33Z,tabtouch,TABtouch,2026-06-01T23:37:20Z,spreads,Collingwood Magpies,1.95,-1.5,20260601_233814_daily
71e562fa330b4eacc2f60368fc9fb4e0,Collingwood Magpies,Melbourne Demons,2026-06-08T05:15:33Z,tabtouch,TABtouch,2026-06-01T23:37:20Z,spreads,Melbourne Demons,1.85,1.5,20260601_233814_daily
71e562fa330b4eacc2f60368fc9fb4e0,Collingwood Magpies,Melbourne Demons,2026-06-08T05:15:33Z,tabtouch,TABtouch,2026-06-01T23:37:20Z,totals,Over,1.88,183.5,20260601_233814_daily
71e562fa330b4eacc2f60368fc9fb4e0,Collingwood Magpies,Melbourne Demons,2026-06-08T05:15:33Z,tabtouch,TABtouch,2026-06-01T23:37:20Z,totals,Under,1.88,183.5,20260601_233814_daily
71e562fa330b4eacc2f60368fc9fb4e0,Collingwood Magpies,Melbourne Demons,2026-06-08T05:15:33Z,neds,Neds,2026-06-01T23:37:21Z,h2h,Collingwood Magpies,1.95,,20260601_233814_daily
71e562fa330b4eacc2f60368fc9fb4e0,Collingwood Magpies,Melbourne Demons,2026-06-08T05:15:33Z,neds,Neds,2026-06-01T23:37:21Z,h2h,Melbourne Demons,1.85,,20260601_233814_daily
71e562fa330b4eacc2f60368fc9fb4e0,Collingwood Magpies,Melbourne Demons,2026-06-08T05:15:33Z,betr_au,Betr,2026-06-01T23:37:21Z,h2h,Collingwood Magpies,1.95,,20260601_233814_daily
71e562fa330b4eacc2f60368fc9fb4e0,Collingwood Magpies,Melbourne Demons,2026-06-08T05:15:33Z,betr_au,Betr,2026-06-01T23:37:21Z,h2h,Melbourne Demons,1.85,,20260601_233814_daily
71e562fa330b4eacc2f60368fc9fb4e0,Collingwood Magpies,Melbourne Demons,2026-06-08T05:15:33Z,betr_au,Betr,2026-06-01T23:37:21Z,spreads,Collingwood Magpies,1.9,1.5,20260601_233814_daily
71e562fa330b4eacc2f60368fc9fb4e0,Collingwood Magpies,Melbourne Demons,2026-06-08T05:15:33Z,betr_au,Betr,2026-06-01T23:37:21Z,spreads,Melbourne Demons,1.9,-1.5,20260601_233814_daily
71e562fa330b4eacc2f60368fc9fb4e0,Collingwood Magpies,Melbourne Demons,2026-06-08T05:15:33Z,sportsbet,SportsBet,2026-06-01T23:37:43Z,h2h,Collingwood Magpies,1.92,,20260601_233814_daily
71e562fa330b4eacc2f60368fc9fb4e0,Collingwood Magpies,Melbourne Demons,2026-06-08T05:15:33Z,sportsbet,SportsBet,2026-06-01T23:37:43Z,h2h,Melbourne Demons,1.92,,20260601_233814_daily
71e562fa330b4eacc2f60368fc9fb4e0,Collingwood Magpies,Melbourne Demons,2026-06-08T05:15:33Z,sportsbet,SportsBet,2026-06-01T23:37:43Z,spreads,Collingwood Magpies,1.91,-0.5,20260601_233814_daily
71e562fa330b4eacc2f60368fc9fb4e0,Collingwood Magpies,Melbourne Demons,2026-06-08T05:15:33Z,sportsbet,SportsBet,2026-06-01T23:37:43Z,spreads,Melbourne Demons,1.89,0.5,20260601_233814_daily
71e562fa330b4eacc2f60368fc9fb4e0,Collingwood Magpies,Melbourne Demons,2026-06-08T05:15:33Z,sportsbet,SportsBet,2026-06-01T23:37:43Z,totals,Over,1.87,180.5,20260601_233814_daily
71e562fa330b4eacc2f60368fc9fb4e0,Collingwood Magpies,Melbourne Demons,2026-06-08T05:15:33Z,sportsbet,SportsBet,2026-06-01T23:37:43Z,totals,Under,1.9,180.5,20260601_233814_daily
71e562fa330b4eacc2f60368fc9fb4e0,Collingwood Magpies,Melbourne Demons,2026-06-08T05:15:33Z,playup,PlayUp,2026-06-01T23:38:01Z,h2h,Collingwood Magpies,1.88,,20260601_233814_daily
71e562fa330b4eacc2f60368fc9fb4e0,Collingwood Magpies,Melbourne Demons,2026-06-08T05:15:33Z,playup,PlayUp,2026-06-01T23:38:01Z,h2h,Melbourne Demons,1.88,,20260601_233814_daily
71e562fa330b4eacc2f60368fc9fb4e0,Collingwood Magpies,Melbourne Demons,2026-06-08T05:15:33Z,playup,PlayUp,2026-06-01T23:38:01Z,spreads,Collingwood Magpies,1.85,1.5,20260601_233814_daily
71e562fa330b4eacc2f60368fc9fb4e0,Collingwood Magpies,Melbourne Demons,2026-06-08T05:15:33Z,playup,PlayUp,2026-06-01T23:38:01Z,spreads,Melbourne Demons,1.91,-1.5,20260601_233814_daily
71e562fa330b4eacc2f60368fc9fb4e0,Collingwood Magpies,Melbourne Demons,2026-06-08T05:15:33Z,betright,Bet Right,2026-06-01T23:37:21Z,h2h,Collingwood Magpies,1.9,,20260601_233814_daily
71e562fa330b4eacc2f60368fc9fb4e0,Collingwood Magpies,Melbourne Demons,2026-06-08T05:15:33Z,betright,Bet Right,2026-06-01T23:37:21Z,h2h,Melbourne Demons,1.9,,20260601_233814_daily
71e562fa330b4eacc2f60368fc9fb4e0,Collingwood Magpies,Melbourne Demons,2026-06-08T05:15:33Z,betright,Bet Right,2026-06-01T23:37:21Z,spreads,Collingwood Magpies,2.0,-1.5,20260601_233814_daily
71e562fa330b4eacc2f60368fc9fb4e0,Collingwood Magpies,Melbourne Demons,2026-06-08T05:15:33Z,betright,Bet Right,2026-06-01T23:37:21Z,spreads,Melbourne Demons,1.8,1.5,20260601_233814_daily
71e562fa330b4eacc2f60368fc9fb4e0,Collingwood Magpies,Melbourne Demons,2026-06-08T05:15:33Z,dabble_au,Dabble AU,2026-06-01T23:37:02Z,h2h,Collingwood Magpies,1.92,,20260601_233814_daily
71e562fa330b4eacc2f60368fc9fb4e0,Collingwood Magpies,Melbourne Demons,2026-06-08T05:15:33Z,dabble_au,Dabble AU,2026-06-01T23:37:02Z,h2h,Melbourne Demons,1.88,,20260601_233814_daily
71e562fa330b4eacc2f60368fc9fb4e0,Collingwood Magpies,Melbourne Demons,2026-06-08T05:15:33Z,dabble_au,Dabble AU,2026-06-01T23:37:02Z,spreads,Collingwood Magpies,1.9,0.5,20260601_233814_daily
71e562fa330b4eacc2f60368fc9fb4e0,Collingwood Magpies,Melbourne Demons,2026-06-08T05:15:33Z,dabble_au,Dabble AU,2026-06-01T23:37:02Z,spreads,Melbourne Demons,1.9,-0.5,20260601_233814_daily
71e562fa330b4eacc2f60368fc9fb4e0,Collingwood Magpies,Melbourne Demons,2026-06-08T05:15:33Z,pointsbetau,PointsBet (AU),2026-06-01T23:37:23Z,h2h,Collingwood Magpies,1.87,,20260601_233814_daily
71e562fa330b4eacc2f60368fc9fb4e0,Collingwood Magpies,Melbourne Demons,2026-06-08T05:15:33Z,pointsbetau,PointsBet (AU),2026-06-01T23:37:23Z,h2h,Melbourne Demons,1.87,,20260601_233814_daily
71e562fa330b4eacc2f60368fc9fb4e0,Collingwood Magpies,Melbourne Demons,2026-06-08T05:15:33Z,pointsbetau,PointsBet (AU),2026-06-01T23:37:23Z,spreads,Collingwood Magpies,1.88,0.5,20260601_233814_daily
71e562fa330b4eacc2f60368fc9fb4e0,Collingwood Magpies,Melbourne Demons,2026-06-08T05:15:33Z,pointsbetau,PointsBet (AU),2026-06-01T23:37:23Z,spreads,Melbourne Demons,1.88,-0.5,20260601_233814_daily
71e562fa330b4eacc2f60368fc9fb4e0,Collingwood Magpies,Melbourne Demons,2026-06-08T05:15:33Z,pointsbetau,PointsBet (AU),2026-06-01T23:37:23Z,totals,Over,1.88,180.5,20260601_233814_daily
71e562fa330b4eacc2f60368fc9fb4e0,Collingwood Magpies,Melbourne Demons,2026-06-08T05:15:33Z,pointsbetau,PointsBet (AU),2026-06-01T23:37:23Z,totals,Under,1.88,180.5,20260601_233814_daily
